objectPath,objectName,objectType,id
/Explore/DFM/ICRT,pd-DFM-SARI-UpdateOrganizationAccount,PROCESS,7Qqv8IWW2iCifOg5FwrXwG
/Explore/Default,Salesforce,AI_CONNECTION,9u9I8SIm65nkP3SaSB9WSb
/Explore/DFM/ICRT,sc-DFM-SARI-UpdateOrganizationAccount,AI_SERVICE_CONNECTOR,8yRpgNLuvGDlhsrT7XHgKr
/Explore,DFM,Project,aHfSS615QylhhaIsknYDUd
/Explore,Default,Project,3uJn5Eu8ogIjtezSTpaZYi
/Explore/DFM/ICRT,cn-DFM-SARI-UpdateOrganizationAccount,AI_CONNECTION,afRzgt3ctDxkC9XwUpAnIR
/Explore/DFM,ICRT,Folder,0IiJWIi3Pqkhi314QDJTak
/Explore/DFM/ICRT,po-DFM-SARI-UpdateOrganizationAccount,PROCESS_OBJECT,hO2eJz2IbugjiKZuWPtgCA
/Explore/DFM/ICRT,po-DFM-SARI-UpdateOrganizationAccount-OP,PROCESS_OBJECT,dSvvfI5gVafbHog7TL2J6E