{
  "name" : "job-1563180661060",
  "sourceOrgId" : "1RTLiGGOD2MlpEDGD0bTYj",
  "sourceOrgName" : "Informatica Business Solutions PVT Ltd",
  "exportedObjects" : [ {
    "objectGuid" : "7Qqv8IWW2iCifOg5FwrXwG",
    "objectName" : "pd-DFM-SARI-UpdateOrganizationAccount",
    "objectType" : "PROCESS",
    "path" : "/Explore/DFM/ICRT",
    "metadata" : {
      "modelVersion" : {
        "major" : 1,
        "minor" : 0
      },
      "repoInfo" : {
        "repoHandle" : "O3M4WwOC2XZPnE2-gt-24434159-2019-05-03T08:24:41.647Z::pd.xml"
      },
      "objectRefs" : [ "9u9I8SIm65nkP3SaSB9WSb", "afRzgt3ctDxkC9XwUpAnIR", "hO2eJz2IbugjiKZuWPtgCA", "dSvvfI5gVafbHog7TL2J6E" ],
      "contextAttributes" : null,
      "additionalInfo" : {
        "description" : "",
        "contentType" : "application/json; charset=utf-8",
        "documentState" : "INVALID"
      }
    }
  }, {
    "objectGuid" : "9u9I8SIm65nkP3SaSB9WSb",
    "objectName" : "Salesforce",
    "objectType" : "AI_CONNECTION",
    "path" : "/Explore/Default",
    "metadata" : {
      "modelVersion" : {
        "major" : 1,
        "minor" : 0
      },
      "repoInfo" : {
        "repoHandle" : "HIk3aaa-gt-1843877-2019-04-08T04:48:01.534Z::conn.xml"
      },
      "objectRefs" : [ ],
      "contextAttributes" : null,
      "additionalInfo" : {
        "description" : "Connection to UAT sandbox",
        "contentType" : "application/json; charset=utf-8",
        "documentState" : "VALID"
      }
    }
  }, {
    "objectGuid" : "8yRpgNLuvGDlhsrT7XHgKr",
    "objectName" : "sc-DFM-SARI-UpdateOrganizationAccount",
    "objectType" : "AI_SERVICE_CONNECTOR",
    "path" : "/Explore/DFM/ICRT",
    "metadata" : {
      "modelVersion" : {
        "major" : 1,
        "minor" : 0
      },
      "repoInfo" : {
        "repoHandle" : "UcgiciT6sFsdsFs-gt-89212283-2019-05-03T08:24:40.755Z::svc.xml"
      },
      "objectRefs" : [ ],
      "contextAttributes" : null,
      "additionalInfo" : {
        "description" : "",
        "contentType" : "application/json; charset=utf-8",
        "documentState" : "VALID"
      }
    }
  }, {
    "objectGuid" : "aHfSS615QylhhaIsknYDUd",
    "objectName" : "DFM",
    "objectType" : "Project",
    "path" : "/Explore",
    "metadata" : {
      "modelVersion" : {
        "major" : 0,
        "minor" : 0
      },
      "repoInfo" : null,
      "objectRefs" : [ ],
      "contextAttributes" : [ ],
      "additionalInfo" : {
        "description" : "",
        "contentType" : "Binary",
        "documentState" : "COMPLETE"
      }
    }
  }, {
    "objectGuid" : "3uJn5Eu8ogIjtezSTpaZYi",
    "objectName" : "Default",
    "objectType" : "Project",
    "path" : "/Explore",
    "metadata" : {
      "modelVersion" : {
        "major" : 0,
        "minor" : 0
      },
      "repoInfo" : null,
      "objectRefs" : [ ],
      "contextAttributes" : [ {
        "name" : "IS_DEF_LOC",
        "value" : "true"
      } ],
      "additionalInfo" : {
        "description" : "Auto-generated Default Project",
        "contentType" : null,
        "documentState" : "COMPLETE"
      }
    }
  }, {
    "objectGuid" : "afRzgt3ctDxkC9XwUpAnIR",
    "objectName" : "cn-DFM-SARI-UpdateOrganizationAccount",
    "objectType" : "AI_CONNECTION",
    "path" : "/Explore/DFM/ICRT",
    "metadata" : {
      "modelVersion" : {
        "major" : 1,
        "minor" : 0
      },
      "repoInfo" : {
        "repoHandle" : "POiVhC2g0aaaaaa-gt-89212275-2019-05-03T08:24:40.668Z::conn.xml"
      },
      "objectRefs" : [ "8yRpgNLuvGDlhsrT7XHgKr" ],
      "contextAttributes" : null,
      "additionalInfo" : {
        "description" : "",
        "contentType" : "application/json; charset=utf-8",
        "documentState" : "VALID"
      }
    }
  }, {
    "objectGuid" : "0IiJWIi3Pqkhi314QDJTak",
    "objectName" : "ICRT",
    "objectType" : "Folder",
    "path" : "/Explore/DFM",
    "metadata" : {
      "modelVersion" : {
        "major" : 0,
        "minor" : 0
      },
      "repoInfo" : null,
      "objectRefs" : [ ],
      "contextAttributes" : [ ],
      "additionalInfo" : {
        "description" : "All DFM  Real time interfaces and components",
        "contentType" : "Binary",
        "documentState" : "COMPLETE"
      }
    }
  }, {
    "objectGuid" : "hO2eJz2IbugjiKZuWPtgCA",
    "objectName" : "po-DFM-SARI-UpdateOrganizationAccount",
    "objectType" : "PROCESS_OBJECT",
    "path" : "/Explore/DFM/ICRT",
    "metadata" : {
      "modelVersion" : {
        "major" : 1,
        "minor" : 0
      },
      "repoInfo" : {
        "repoHandle" : "Y8DglxbdypKwKBq-gt-89212291-2019-05-03T08:24:40.812Z::po.xml"
      },
      "objectRefs" : [ ],
      "contextAttributes" : null,
      "additionalInfo" : {
        "description" : "To retrieve Multiple ID",
        "contentType" : "application/json; charset=utf-8",
        "documentState" : "VALID"
      }
    }
  }, {
    "objectGuid" : "dSvvfI5gVafbHog7TL2J6E",
    "objectName" : "po-DFM-SARI-UpdateOrganizationAccount-OP",
    "objectType" : "PROCESS_OBJECT",
    "path" : "/Explore/DFM/ICRT",
    "metadata" : {
      "modelVersion" : {
        "major" : 1,
        "minor" : 0
      },
      "repoInfo" : {
        "repoHandle" : "Nn3wOLIFvukNXHV-gt-89212267-2019-05-03T08:24:40.634Z::po.xml"
      },
      "objectRefs" : [ ],
      "contextAttributes" : null,
      "additionalInfo" : {
        "description" : "",
        "contentType" : "application/json; charset=utf-8",
        "documentState" : "VALID"
      }
    }
  } ]
}