<aetgt:getResponse xmlns:aetgt="http://schemas.active-endpoints.com/appmodules/repository/2010/10/avrepository.xsd"
                   xmlns:types1="http://schemas.active-endpoints.com/appmodules/repository/2010/10/avrepository.xsd">
   <types1:Item>
      <types1:EntryId>POiVhC2g0aaaaaa-gt-89212275-2019-05-03T08:24:40.668Z::conn.xml</types1:EntryId>
      <types1:Name>cn-DFM-SARI-UpdateOrganizationAccount</types1:Name>
      <types1:MimeType>application/xml+connection</types1:MimeType>
      <types1:Description/>
      <types1:AppliesTo/>
      <types1:Tags>.agent:ea-scc,10008</types1:Tags>
      <types1:VersionLabel>1.0</types1:VersionLabel>
      <types1:State>CURRENT</types1:State>
      <types1:ProcessGroup/>
      <types1:CreatedBy>vnrnbm@informatica.com</types1:CreatedBy>
      <types1:CreationDate>2019-05-03T08:24:41Z</types1:CreationDate>
      <types1:ModifiedBy>vnrnbm@informatica.com</types1:ModifiedBy>
      <types1:ModificationDate>2019-05-24T09:52:49Z</types1:ModificationDate>
      <types1:PublicationStatus>published</types1:PublicationStatus>
      <types1:PublishedBy>vnrnbm@informatica.com</types1:PublishedBy>
      <types1:PublicationDate>2019-05-24T09:52:58Z</types1:PublicationDate>
      <types1:PublishedContributionId>project:/rt.connection/cn-DFM-SARI-UpdateOrganizationAccount/cn-DFM-SARI-UpdateOrganizationAccount.conn.xml</types1:PublishedContributionId>
      <types1:AutosaveExists>false</types1:AutosaveExists>
      <types1:Entry>
         <connection xmlns="http://schemas.informatica.com/socrates/data-services/2014/04/avosConnections.xsd"
                     displayName="cn-DFM-SARI-UpdateOrganizationAccount"
                     label="cn-DFM-SARI-UpdateOrganizationAccount"
                     name="cn-DFM-SARI-UpdateOrganizationAccount">
            <description/>
            <tags>10008,.agent:ea-scc</tags>
            <agent>ea-scc</agent>
            <attributes/>
            <businessConnector xmlns="http://schemas.informatica.com/appmodules/screenflow/2014/04/avosConnectors.xsd"
                               agentOnly="true"
                               connectorPath="project:/rt.connector/sc_DFM_SARI_UpdateOrganizationAccount/sc_DFM_SARI_UpdateOrganizationAccount_svcDef.xml"
                               guid="8yRpgNLuvGDlhsrT7XHgKr"
                               name="sc-DFM-SARI-UpdateOrganizationAccount"
                               supportsConnectionTest="false"
                               uuid="2bd28cd5-b53c-4117-8975-9af0d18e3086">
               <description/>
            </businessConnector>
         </connection>
      </types1:Entry>
      <types1:GUID>afRzgt3ctDxkC9XwUpAnIR</types1:GUID>
      <types1:DisplayName>cn-DFM-SARI-UpdateOrganizationAccount</types1:DisplayName>
   </types1:Item>
   <types1:CurrentServerDateTime>2019-07-15T08:51:03.19Z</types1:CurrentServerDateTime>
</aetgt:getResponse>
