<aetgt:getResponse xmlns:aetgt="http://schemas.active-endpoints.com/appmodules/repository/2010/10/avrepository.xsd"
                   xmlns:types1="http://schemas.active-endpoints.com/appmodules/repository/2010/10/avrepository.xsd">
   <types1:Item>
      <types1:EntryId>O3M4WwOC2XZPnE2-gt-24434159-2019-05-03T08:24:41.647Z::pd.xml</types1:EntryId>
      <types1:Name>pd-DFM-SARI-UpdateOrganizationAccount</types1:Name>
      <types1:MimeType>application/xml+process</types1:MimeType>
      <types1:Description/>
      <types1:AppliesTo/>
      <types1:Tags>DFM,DFM_SARI</types1:Tags>
      <types1:VersionLabel>1.0</types1:VersionLabel>
      <types1:State>CURRENT</types1:State>
      <types1:ProcessGroup/>
      <types1:CreatedBy>vnrnbm@informatica.com</types1:CreatedBy>
      <types1:CreationDate>2019-05-03T08:24:42Z</types1:CreationDate>
      <types1:ModifiedBy>vnrnbm@informatica.com</types1:ModifiedBy>
      <types1:ModificationDate>2019-05-24T09:59:11Z</types1:ModificationDate>
      <types1:PublicationStatus>unpublished</types1:PublicationStatus>
      <types1:AutosaveExists>false</types1:AutosaveExists>
      <types1:Entry>
         <process xmlns="http://schemas.active-endpoints.com/appmodules/screenflow/2010/10/avosScreenflow.xsd"
                  xmlns:list="urn:activevos:spi:list:functions"
                  displayName="pd-DFM-SARI-UpdateOrganizationAccount"
                  name="pd-DFM-SARI-UpdateOrganizationAccount">
            <appliesTo/>
            <description/>
            <tags>DFM,DFM_SARI</tags>
            <generator>Informatica Process Designer 11</generator>
            <input>
               <parameter description="" name="Jsonstring" type="objectlist">
                  <options>
                     <option name="referenceTo">$po:$any</option>
                     <option hide="true" name="multiSelect">true</option>
                     <option name="required">false</option>
                     <option name="isCopy">true</option>
                  </options>
               </parameter>
            </input>
            <output>
               <field description="" name="op_add_type" type="string">
                  <options>
                     <option name="required">false</option>
                  </options>
               </field>
               <field description="" name="op_Add1" type="string">
                  <options>
                     <option name="required">false</option>
                  </options>
               </field>
               <field description="" name="op_addusageval" type="string">
                  <options>
                     <option name="required">false</option>
                  </options>
               </field>
               <field description="" name="op_add1_inp" type="string">
                  <options>
                     <option name="required">false</option>
                  </options>
               </field>
               <field description="" name="op_test" type="string">
                  <options>
                     <option name="required">false</option>
                  </options>
               </field>
               <field description="" name="op_FN" type="reference">
                  <options>
                     <option name="referenceTo">$po:po-DFM-SARI-UpdateOrganizationAccount-OP</option>
                     <option name="required">false</option>
                     <option name="isCopy">true</option>
                     <option name="guid">dSvvfI5gVafbHog7TL2J6E</option>
                  </options>
               </field>
            </output>
            <tempFields>
               <field description="" name="Account_tmp" type="reference">
                  <options>
                     <option name="referenceTo">Salesforce-1:Account</option>
                     <option name="required">false</option>
                     <option name="guid">9u9I8SIm65nkP3SaSB9WSb</option>
                  </options>
               </field>
               <field description="" name="Address_Tmp" type="reference">
                  <options>
                     <option name="referenceTo">Salesforce-1:Address__c</option>
                     <option name="required">false</option>
                     <option name="guid">9u9I8SIm65nkP3SaSB9WSb</option>
                  </options>
               </field>
               <field description="" name="tmp_Account" type="objectlist">
                  <options>
                     <option name="referenceTo">Salesforce-1:Account</option>
                     <option hide="true" name="multiSelect">true</option>
                     <option name="required">false</option>
                     <option name="guid">9u9I8SIm65nkP3SaSB9WSb</option>
                  </options>
               </field>
               <field description="" name="tmp_FN" type="objectlist">
                  <options>
                     <option name="referenceTo">$po:po-DFM-SARI-UpdateOrganizationAccount</option>
                     <option hide="true" name="multiSelect">true</option>
                     <option name="required">false</option>
                     <option name="isCopy">true</option>
                     <option name="guid">hO2eJz2IbugjiKZuWPtgCA</option>
                  </options>
               </field>
               <field description="" name="tmp_head" type="reference">
                  <options>
                     <option name="referenceTo">Salesforce-1:Account</option>
                     <option name="required">false</option>
                     <option name="guid">9u9I8SIm65nkP3SaSB9WSb</option>
                  </options>
               </field>
               <field description="" name="tmp_obj_one" type="reference">
                  <options>
                     <option name="referenceTo">Salesforce-1:Account</option>
                     <option name="required">false</option>
                     <option name="guid">9u9I8SIm65nkP3SaSB9WSb</option>
                  </options>
               </field>
               <field description="" name="tmp_calc" type="string">
                  <options>
                     <option name="required">false</option>
                  </options>
               </field>
               <field description="" name="Addr_tmp_h" type="reference">
                  <options>
                     <option name="referenceTo">Salesforce-1:Address__c</option>
                     <option name="required">false</option>
                     <option name="guid">9u9I8SIm65nkP3SaSB9WSb</option>
                  </options>
               </field>
               <field description="" name="Addr_tmp_b" type="reference">
                  <options>
                     <option name="referenceTo">Salesforce-1:Address__c</option>
                     <option name="required">false</option>
                     <option name="guid">9u9I8SIm65nkP3SaSB9WSb</option>
                  </options>
               </field>
               <field description="" name="Addr_tmp_o1" type="reference">
                  <options>
                     <option name="referenceTo">Salesforce-1:Address__c</option>
                     <option name="required">false</option>
                     <option name="guid">9u9I8SIm65nkP3SaSB9WSb</option>
                  </options>
               </field>
               <field description="" name="Addr_tmp_o2" type="reference">
                  <options>
                     <option name="referenceTo">Salesforce-1:Address__c</option>
                     <option name="required">false</option>
                     <option name="guid">9u9I8SIm65nkP3SaSB9WSb</option>
                  </options>
               </field>
               <field description="" name="Addr_tmp_o3" type="reference">
                  <options>
                     <option name="referenceTo">Salesforce-1:Address__c</option>
                     <option name="required">false</option>
                     <option name="guid">9u9I8SIm65nkP3SaSB9WSb</option>
                  </options>
               </field>
               <field description="" name="tmp_lst_mod_dt" type="string">
                  <options>
                     <option name="required">false</option>
                  </options>
               </field>
               <field description="" name="tmp_lastmodifieddate" type="string">
                  <options>
                     <option name="required">false</option>
                  </options>
               </field>
               <field description="" name="tmp_CommericalRegisterId" type="string">
                  <options>
                     <option name="required">false</option>
                  </options>
               </field>
               <field description="" name="Tmp_Out" type="objectlist">
                  <options>
                     <option name="referenceTo">$po:po-DFM-SARI-UpdateOrganizationAccount-OP</option>
                     <option hide="true" name="multiSelect">true</option>
                     <option name="required">false</option>
                     <option name="isCopy">true</option>
                     <option name="guid">dSvvfI5gVafbHog7TL2J6E</option>
                  </options>
               </field>
               <field description="" name="tmp_Fault" type="string">
                  <options>
                     <option name="required">false</option>
                  </options>
               </field>
            </tempFields>
            <notes/>
            <deployment suspendOnFault="false" tracingLevel="verbose">
               <rest>
                  <allowedUsers>
                     <user>vnrnbm@informatica.com</user>
                  </allowedUsers>
                  <wholePayload inputWholePayload="true"/>
               </rest>
            </deployment>
            <flow id="a">
               <start id="b">
                  <link id="link1" targetId="c"/>
               </start>
               <assignment id="c">
                  <title>assig_calc</title>
                  <operation source="formula" to="temp.tmp_calc">
                     <expression language="XQuery">(fn:string-join($input.Jsonstring/Id[1],"','"))</expression>
                  </operation>
                  <link id="jm77zwv8" targetId="jm77zwv7"/>
               </assignment>
               <assignment id="jm77zwv7">
                  <title>Assignment to ACCOUNT_ID</title>
                  <operation source="list" to="temp.tmp_Account">
                     <query from="Salesforce:Account">
                        <where>Id IN ('{$temp.tmp_calc}')</where>
                     </query>
                  </operation>
                  <link id="jm77zwv9" targetId="jm77zwv2"/>
               </assignment>
               <assignment id="jm77zwv2">
                  <title>Assignment to tmp_head</title>
                  <operation source="formula" to="temp.tmp_head">
                     <expression language="XQuery">list:head($temp.tmp_Account)</expression>
                  </operation>
                  <operation source="formula" to="temp.tmp_Account">
                     <expression language="XQuery">list:tail($temp.tmp_Account)</expression>
                  </operation>
                  <link id="jm77zwv4" targetId="jm77zwux"/>
               </assignment>
               <container id="jm77zwux" type="exclusive">
                  <title>tmp_head</title>
                  <flow id="jm77zwvt">
                     <assignment id="jm77zwvs">
                        <title>Assignment to tmp_obj_one</title>
                        <operation source="query" to="temp.tmp_obj_one">
                           <query from="Salesforce:Account">
                              <where>Id = '{$temp.tmp_head}'</where>
                           </query>
                        </operation>
                        <link id="jm77zwwt" targetId="jm77zwws"/>
                     </assignment>
                     <assignment id="jm77zwws">
                        <title>Assignment to tmp_lastmodifieddate, tmp_lst_mod_dt etc.</title>
                        <operation source="formula" to="temp.tmp_lastmodifieddate">
                           <expression language="XQuery">substring($temp.tmp_obj_one.LastModifiedDate,1,10)</expression>
                        </operation>
                        <operation source="field" to="temp.tmp_lst_mod_dt">temp.tmp_obj_one.LastModifiedDate</operation>
                        <operation source="field" to="temp.tmp_CommericalRegisterId">temp.tmp_obj_one.Commercial_Reg_No__c</operation>
                        <link id="jrbj85h1" targetId="jrbj85h0"/>
                     </assignment>
                     <assignment id="jrbj85h0">
                        <title>Assignment to Address_Tmp</title>
                        <operation source="query" to="temp.Address_Tmp">
                           <query from="Salesforce:Address__c">
                              <where>Customer__c = '{$temp.tmp_obj_one.Id}' </where>
                           </query>
                        </operation>
                        <link id="jrbj85iw" targetId="jrbj85iv"/>
                     </assignment>
                     <assignment id="jm7afmbc">
                        <title>Assignment to UCID, UCID etc.</title>
                        <operation source="field" to="temp.Tmp_Out[1]/UCID">output.TCRMAdminContEquivBObj</operation>
                        <operation source="formula" to="temp.tmp_obj_one.UCID__c">
                           <expression language="XQuery">if (fn:empty($output.TCRMAdminContEquivBObj)) then $temp.tmp_obj_one.UCID__c else $output.TCRMAdminContEquivBObj</expression>
                        </operation>
                        <operation source="field" to="temp.Tmp_Out[1]/SFDCID">temp.tmp_obj_one.Id</operation>
                        <operation source="field" to="temp.Tmp_Out[1]/Organization">temp.tmp_obj_one.Name</operation>
                        <operation source="field" to="temp.Tmp_Out[1]/Email">temp.tmp_obj_one.Email__c</operation>
                        <operation source="field" to="temp.Tmp_Out[1]/MobilePhone">temp.tmp_obj_one.Mobile__c</operation>
                        <operation source="field" to="temp.Tmp_Out[1]/HomePhone">temp.tmp_obj_one.Individual_Home_Phone__c</operation>
                        <operation source="field" to="temp.Tmp_Out[1]/WorkPhone">temp.tmp_obj_one.Work_Phone__c</operation>
                        <operation source="field" to="temp.Tmp_Out[1]/Market">temp.tmp_obj_one.Market__c</operation>
                        <link id="jm7afmbe" targetId="jm7afmab"/>
                     </assignment>
                     <assignment id="jm7afmab">
                        <title>output</title>
                        <operation source="field" to="output.op_FN">temp.Tmp_Out</operation>
                        <link id="jm7afmad" targetId="jm77zwwd"/>
                     </assignment>
                     <container id="jrbj85iv" type="exclusive">
                        <title>Address_Tmp</title>
                        <flow id="jrbj85iz">
                           <container id="jrbj85pr" type="parallel">
                              <flow id="jrbj85ps">
                                 <assignment id="jrbj85pt">
                                    <title>Assignment to address</title>
                                    <operation source="query" to="temp.Addr_tmp_h">
                                       <query from="Salesforce:Address__c">
                                          <where>Customer__c = '{$temp.tmp_obj_one.Id}' and Address_Type__c = 'Home'</where>
                                       </query>
                                    </operation>
                                    <link id="jrbj85r2" targetId="jrbj85pu"/>
                                 </assignment>
                                 <container id="jrbj85pu" type="exclusive">
                                    <title>Addr_tmp_h</title>
                                    <flow id="jrbj85pv">
                                       <assignment id="jrbj85pw">
                                          <title>Assignment to hAddressLineOne, hAddressLineTwo etc.</title>
                                          <operation source="field" to="temp.tmp_FN[1]/hAddressLineOne">temp.Addr_tmp_h.Address_Line_1__c</operation>
                                          <operation source="field" to="temp.tmp_FN[1]/hAddressLineTwo">temp.Addr_tmp_h.Address_Line_2__c</operation>
                                          <operation source="field" to="temp.tmp_FN[1]/hAddressLineThree">temp.Addr_tmp_h.Address_Line_3__c</operation>
                                          <operation source="field" to="temp.tmp_FN[1]/hAddressUsageValue">temp.Addr_tmp_h.Address_Type__c</operation>
                                          <operation source="field" to="temp.tmp_FN[1]/hcountry">temp.Addr_tmp_h.Country__c</operation>
                                          <operation source="field" to="temp.tmp_FN[1]/hzip">temp.Addr_tmp_h.ZipCode__c</operation>
                                          <operation source="field" to="temp.tmp_FN[1]/hXDistrictValue">temp.Addr_tmp_h.FS_District__c</operation>
                                          <operation source="field" to="temp.tmp_FN[1]/hprovince">temp.Addr_tmp_h.State__c</operation>
                                          <operation source="formula" to="temp.tmp_FN[1]/hPreferredAddressIndicator">
                                             <expression language="XQuery">if($temp.Addr_tmp_h.Preferred__c='true') then 'Y' 
else
if($temp.Addr_tmp_h.Preferred__c='false') then 'N' 
 else ''</expression>
                                          </operation>
                                          <operation source="field" to="temp.tmp_FN[1]/hCity">temp.Addr_tmp_h.City__c</operation>
                                       </assignment>
                                       <link id="jrbj85r5" targetId="jrbj85pu" type="containerLink"/>
                                    </flow>
                                    <flow id="jrbj85py">
                                       <link id="jrbj85r7" targetId="jrbj85pu" type="containerLink"/>
                                    </flow>
                                    <link id="jrbj85r3" targetId="jrbj85pv" type="containerLink">
                                       <condition source="formula">
                                          <function name="set">
                                             <arg name="field">{$temp.Addr_tmp_h}</arg>
                                          </function>
                                       </condition>
                                    </link>
                                    <link id="jrbj85r4" targetId="jrbj85py" type="containerLink">
                                       <condition source="formula">
                                          <function name="unset">
                                             <arg name="field">{$temp.Addr_tmp_h}</arg>
                                          </function>
                                       </condition>
                                    </link>
                                 </container>
                                 <link id="jrbj85r1" targetId="jrbj85pr" type="containerLink"/>
                              </flow>
                              <flow id="jrbj85q0">
                                 <assignment id="jrbj85q1">
                                    <title>Assignment to address</title>
                                    <operation source="query" to="temp.Addr_tmp_b">
                                       <query from="Salesforce:Address__c">
                                          <where>Customer__c = '{$temp.tmp_obj_one.Id}' and Address_Type__c = 'Business'</where>
                                       </query>
                                    </operation>
                                    <link id="jrbj85r9" targetId="jrbj85q2"/>
                                 </assignment>
                                 <container id="jrbj85q2" type="exclusive">
                                    <title>Addr_tmp_b</title>
                                    <flow id="jrbj85q3">
                                       <assignment id="jrbj85q4">
                                          <title>Assignment to bAddressLineOne, bAddressLineTwo etc.</title>
                                          <operation source="field" to="temp.tmp_FN[1]/bAddressLineOne">temp.Addr_tmp_b.Address_Line_1__c</operation>
                                          <operation source="field" to="temp.tmp_FN[1]/bAddressLineTwo">temp.Addr_tmp_b.Address_Line_2__c</operation>
                                          <operation source="field" to="temp.tmp_FN[1]/bAddressLineThree">temp.Addr_tmp_b.Address_Line_3__c</operation>
                                          <operation source="field" to="temp.tmp_FN[1]/bAddressUsageValue">temp.Addr_tmp_b.Address_Type__c</operation>
                                          <operation source="field" to="temp.tmp_FN[1]/bCity">temp.Addr_tmp_b.City__c</operation>
                                          <operation source="field" to="temp.tmp_FN[1]/bcountry">temp.Addr_tmp_b.Country__c</operation>
                                          <operation source="formula" to="temp.tmp_FN[1]/bPreferredAddressIndicator">
                                             <expression language="XQuery">if($temp.Addr_tmp_b.Preferred__c ='true') then 'Y' 
else
if($temp.Addr_tmp_b.Preferred__c ='false') then 'N' 
 else ''</expression>
                                          </operation>
                                          <operation source="field" to="temp.tmp_FN[1]/bprovince">temp.Addr_tmp_b.State__c</operation>
                                          <operation source="field" to="temp.tmp_FN[1]/bXDistrictValue">temp.Addr_tmp_b.FS_District__c</operation>
                                          <operation source="field" to="temp.tmp_FN[1]/bzip">temp.Addr_tmp_b.ZipCode__c</operation>
                                       </assignment>
                                       <link id="jrbj85rc" targetId="jrbj85q2" type="containerLink"/>
                                    </flow>
                                    <flow id="jrbj85q6">
                                       <link id="jrbj85re" targetId="jrbj85q2" type="containerLink"/>
                                    </flow>
                                    <link id="jrbj85ra" targetId="jrbj85q3" type="containerLink">
                                       <condition source="formula">
                                          <function name="set">
                                             <arg name="field">{$temp.Addr_tmp_b}</arg>
                                          </function>
                                       </condition>
                                    </link>
                                    <link id="jrbj85rb" targetId="jrbj85q6" type="containerLink">
                                       <condition source="formula">
                                          <function name="unset">
                                             <arg name="field">{$temp.Addr_tmp_b}</arg>
                                          </function>
                                       </condition>
                                    </link>
                                 </container>
                                 <link id="jrbj85r8" targetId="jrbj85pr" type="containerLink"/>
                              </flow>
                              <flow id="jrbj85q8">
                                 <assignment id="jrbj85q9">
                                    <title>Assignment to address</title>
                                    <operation source="query" to="temp.Addr_tmp_o1">
                                       <query from="Salesforce:Address__c">
                                          <where>Customer__c = '{$temp.tmp_obj_one.Id}' and Address_Type__c = 'Other Address 1'</where>
                                       </query>
                                    </operation>
                                    <link id="jrbj85rg" targetId="jrbj85qa"/>
                                 </assignment>
                                 <container id="jrbj85qa" type="exclusive">
                                    <title>Addr_tmp_o1</title>
                                    <flow id="jrbj85qb">
                                       <assignment id="jrbj85qc">
                                          <title>Assignment to o1AddressLineOne, o1AddressLineTwo etc.</title>
                                          <operation source="field" to="temp.tmp_FN[1]/o1AddressLineOne">temp.Addr_tmp_o1.Address_Line_1__c</operation>
                                          <operation source="field" to="temp.tmp_FN[1]/o1AddressLineTwo">temp.Addr_tmp_o1.Address_Line_2__c</operation>
                                          <operation source="field" to="temp.tmp_FN[1]/o1AddressLineThree">temp.Addr_tmp_o1.Address_Line_3__c</operation>
                                          <operation source="field" to="temp.tmp_FN[1]/o1AddressUsageValue">temp.Addr_tmp_o1.Address_Type__c</operation>
                                          <operation source="field" to="temp.tmp_FN[1]/o1City">temp.Addr_tmp_o1.City__c</operation>
                                          <operation source="field" to="temp.tmp_FN[1]/o1country">temp.Addr_tmp_o1.Country__c</operation>
                                          <operation source="formula" to="temp.tmp_FN[1]/o1PreferredAddressIndicator">
                                             <expression language="XQuery">if( $temp.Addr_tmp_o1.Preferred__c ='true') then 'Y' 
else
if( $temp.Addr_tmp_o1.Preferred__c ='false') then 'N' 
 else ''
 
</expression>
                                          </operation>
                                          <operation source="field" to="temp.tmp_FN[1]/o1province">temp.Addr_tmp_o1.State__c</operation>
                                          <operation source="field" to="temp.tmp_FN[1]/o1XDistrictValue">temp.Addr_tmp_o1.FS_District__c</operation>
                                          <operation source="field" to="temp.tmp_FN[1]/o1zip">temp.Addr_tmp_o1.ZipCode__c</operation>
                                       </assignment>
                                       <link id="jrbj85rj" targetId="jrbj85qa" type="containerLink"/>
                                    </flow>
                                    <flow id="jrbj85qe">
                                       <link id="jrbj85rl" targetId="jrbj85qa" type="containerLink"/>
                                    </flow>
                                    <link id="jrbj85rh" targetId="jrbj85qb" type="containerLink">
                                       <condition source="formula">
                                          <function name="set">
                                             <arg name="field">{$temp.Addr_tmp_o1}</arg>
                                          </function>
                                       </condition>
                                    </link>
                                    <link id="jrbj85ri" targetId="jrbj85qe" type="containerLink">
                                       <condition source="formula">
                                          <function name="unset">
                                             <arg name="field">{$temp.Addr_tmp_o1}</arg>
                                          </function>
                                       </condition>
                                    </link>
                                 </container>
                                 <link id="jrbj85rf" targetId="jrbj85pr" type="containerLink"/>
                              </flow>
                              <flow id="jrbj85qg">
                                 <assignment id="jrbj85qh">
                                    <title>Assignment to address</title>
                                    <operation source="query" to="temp.Addr_tmp_o2">
                                       <query from="Salesforce:Address__c">
                                          <where>Customer__c = '{$temp.tmp_obj_one.Id}' and Address_Type__c = 'Other Address 2'</where>
                                       </query>
                                    </operation>
                                    <link id="jrbj85rn" targetId="jrbj85qi"/>
                                 </assignment>
                                 <container id="jrbj85qi" type="exclusive">
                                    <title>Addr_tmp_o2</title>
                                    <flow id="jrbj85qj">
                                       <assignment id="jrbj85qk">
                                          <title>Assignment to o2AddressLineOne, o2AddressLineTwo etc.</title>
                                          <operation source="field" to="temp.tmp_FN[1]/o2AddressLineOne">temp.Addr_tmp_o2.Address_Line_1__c</operation>
                                          <operation source="field" to="temp.tmp_FN[1]/o2AddressLineTwo">temp.Addr_tmp_o2.Address_Line_2__c</operation>
                                          <operation source="field" to="temp.tmp_FN[1]/o2AddressLineThree">temp.Addr_tmp_o2.Address_Line_3__c</operation>
                                          <operation source="field" to="temp.tmp_FN[1]/o2AddressUsageValue">temp.Addr_tmp_o2.Address_Type__c</operation>
                                          <operation source="field" to="temp.tmp_FN[1]/o2City">temp.Addr_tmp_o2.City__c</operation>
                                          <operation source="field" to="temp.tmp_FN[1]/o2country">temp.Addr_tmp_o2.Country__c</operation>
                                          <operation source="formula" to="temp.tmp_FN[1]/o2PreferredAddressIndicator">
                                             <expression language="XQuery">if( $temp.Addr_tmp_o2.Preferred__c ='true') then 'Y' 
else
if( $temp.Addr_tmp_o2.Preferred__c ='false') then 'N' 
 else ''
 
</expression>
                                          </operation>
                                          <operation source="field" to="temp.tmp_FN[1]/o2province">temp.Addr_tmp_o2.State__c</operation>
                                          <operation source="field" to="temp.tmp_FN[1]/o2XDistrictValue">temp.Addr_tmp_o2.FS_District__c</operation>
                                          <operation source="field" to="temp.tmp_FN[1]/o2zip">temp.Addr_tmp_o2.ZipCode__c</operation>
                                       </assignment>
                                       <link id="jrbj85rq" targetId="jrbj85qi" type="containerLink"/>
                                    </flow>
                                    <flow id="jrbj85qm">
                                       <link id="jrbj85rs" targetId="jrbj85qi" type="containerLink"/>
                                    </flow>
                                    <link id="jrbj85ro" targetId="jrbj85qj" type="containerLink">
                                       <condition source="formula">
                                          <function name="set">
                                             <arg name="field">{$temp.Addr_tmp_o2}</arg>
                                          </function>
                                       </condition>
                                    </link>
                                    <link id="jrbj85rp" targetId="jrbj85qm" type="containerLink">
                                       <condition source="formula">
                                          <function name="unset">
                                             <arg name="field">{$temp.Addr_tmp_o2}</arg>
                                          </function>
                                       </condition>
                                    </link>
                                 </container>
                                 <link id="jrbj85rm" targetId="jrbj85pr" type="containerLink"/>
                              </flow>
                              <flow id="jrbj85qo">
                                 <assignment id="jrbj85qp">
                                    <title>Assignment to address</title>
                                    <operation source="query" to="temp.Addr_tmp_o3">
                                       <query from="Salesforce:Address__c">
                                          <where>Customer__c = '{$temp.tmp_obj_one.Id}' and Address_Type__c = 'Other Address 3'</where>
                                       </query>
                                    </operation>
                                    <link id="jrbj85ru" targetId="jrbj85qq"/>
                                 </assignment>
                                 <container id="jrbj85qq" type="exclusive">
                                    <title>Addr_tmp_o3</title>
                                    <flow id="jrbj85qr">
                                       <assignment id="jrbj85qs">
                                          <title>Assignment to o3AddressLineOne, o3AddressLineTwo etc.</title>
                                          <operation source="field" to="temp.tmp_FN[1]/o3AddressLineOne">temp.Addr_tmp_o3.Address_Line_1__c</operation>
                                          <operation source="field" to="temp.tmp_FN[1]/o3AddressLineTwo">temp.Addr_tmp_o3.Address_Line_2__c</operation>
                                          <operation source="field" to="temp.tmp_FN[1]/o3AddressLineThree">temp.Addr_tmp_o3.Address_Line_3__c</operation>
                                          <operation source="field" to="temp.tmp_FN[1]/o3AddressUsageValue">temp.Addr_tmp_o3.Address_Type__c</operation>
                                          <operation source="field" to="temp.tmp_FN[1]/o3City">temp.Addr_tmp_o3.City__c</operation>
                                          <operation source="field" to="temp.tmp_FN[1]/o3country">temp.Addr_tmp_o3.Country__c</operation>
                                          <operation source="formula" to="temp.tmp_FN[1]/o3PreferredAddressIndicator">
                                             <expression language="XQuery">if( $temp.Addr_tmp_o3.Preferred__c ='true') then 'Y' 
else
if( $temp.Addr_tmp_o3.Preferred__c ='false') then 'N' 
 else ''
 
</expression>
                                          </operation>
                                          <operation source="field" to="temp.tmp_FN[1]/o3province">temp.Addr_tmp_o3.State__c</operation>
                                          <operation source="field" to="temp.tmp_FN[1]/o3XDistrictValue">temp.Addr_tmp_o3.FS_District__c</operation>
                                          <operation source="field" to="temp.tmp_FN[1]/o3zip">temp.Addr_tmp_o3.ZipCode__c</operation>
                                       </assignment>
                                       <link id="jrbj85rx" targetId="jrbj85qq" type="containerLink"/>
                                    </flow>
                                    <flow id="jrbj85qu">
                                       <link id="jrbj85rz" targetId="jrbj85qq" type="containerLink"/>
                                    </flow>
                                    <link id="jrbj85rv" targetId="jrbj85qr" type="containerLink">
                                       <condition source="formula">
                                          <function name="set">
                                             <arg name="field">{$temp.Addr_tmp_o3}</arg>
                                          </function>
                                       </condition>
                                    </link>
                                    <link id="jrbj85rw" targetId="jrbj85qu" type="containerLink">
                                       <condition source="formula">
                                          <function name="unset">
                                             <arg name="field">{$temp.Addr_tmp_o3}</arg>
                                          </function>
                                       </condition>
                                    </link>
                                 </container>
                                 <link id="jrbj85rt" targetId="jrbj85pr" type="containerLink"/>
                              </flow>
                              <link id="jrbj85qw" targetId="jrbj85ps" type="containerLink"/>
                              <link id="jrbj85qx" targetId="jrbj85q0" type="containerLink"/>
                              <link id="jrbj85qy" targetId="jrbj85q8" type="containerLink"/>
                              <link id="jrbj85qz" targetId="jrbj85qg" type="containerLink"/>
                              <link id="jrbj85r0" targetId="jrbj85qo" type="containerLink"/>
                              <link id="jrbyzl3q" targetId="jtin427p"/>
                           </container>
                           <eventContainer id="jtin427p">
                              <service id="jrbyzl3p">
                                 <title>UpdateOrganization with address</title>
                                 <serviceName>cn-DFM-SARI-UpdateOrganizationAccount:UpdateOrganization</serviceName>
                                 <serviceGUID>afRzgt3ctDxkC9XwUpAnIR</serviceGUID>
                                 <serviceInput>
                                    <parameter name="Organization" source="field" updatable="true">temp.tmp_obj_one.Name</parameter>
                                    <parameter name="HomeTelephone" source="field" updatable="true">temp.tmp_obj_one.Individual_Home_Phone__c</parameter>
                                    <parameter name="WorkTelephone" source="field" updatable="true">temp.tmp_obj_one.Work_Phone__c</parameter>
                                    <parameter name="LastModifiedDate" source="field" updatable="true">temp.tmp_lastmodifieddate</parameter>
                                    <parameter name="UCID" source="field" updatable="true">temp.tmp_obj_one.UCID__c</parameter>
                                    <parameter name="MobileTelephone" source="field" updatable="true">temp.tmp_obj_one.Mobile__c</parameter>
                                    <parameter name="email" source="field" updatable="true">temp.tmp_obj_one.Email__c</parameter>
                                    <parameter name="hAddressUsageValue" source="field" updatable="true">temp.tmp_FN[1]/hAddressUsageValue</parameter>
                                    <parameter name="bAddressUsageValue" source="field" updatable="true">temp.tmp_FN[1]/bAddressUsageValue</parameter>
                                    <parameter name="o1AddressUsageValue" source="field" updatable="true">temp.tmp_FN[1]/o1AddressUsageValue</parameter>
                                    <parameter name="o2AddressUsageValue" source="field" updatable="true">temp.tmp_FN[1]/o2AddressUsageValue</parameter>
                                    <parameter name="o3AddressUsageValue" source="field" updatable="true">temp.tmp_FN[1]/o3AddressUsageValue</parameter>
                                    <parameter name="hAddressLineOne" source="field" updatable="true">temp.tmp_FN[1]/hAddressLineOne</parameter>
                                    <parameter name="bAddressLineOne" source="field" updatable="true">temp.tmp_FN[1]/bAddressLineOne</parameter>
                                    <parameter name="o1AddressLineOne" source="field" updatable="true">temp.tmp_FN[1]/o1AddressLineOne</parameter>
                                    <parameter name="o2AddressLineOne" source="field" updatable="true">temp.tmp_FN[1]/o2AddressLineOne</parameter>
                                    <parameter name="o3AddressLineOne" source="field" updatable="true">temp.tmp_FN[1]/o3AddressLineOne</parameter>
                                    <parameter name="hAddressLineTwo" source="field" updatable="true">temp.tmp_FN[1]/hAddressLineTwo</parameter>
                                    <parameter name="bAddressLineTwo" source="field" updatable="true">temp.tmp_FN[1]/bAddressLineTwo</parameter>
                                    <parameter name="o1AddressLineTwo" source="field" updatable="true">temp.tmp_FN[1]/o1AddressLineTwo</parameter>
                                    <parameter name="o2AddressLineTwo" source="field" updatable="true">temp.tmp_FN[1]/o2AddressLineTwo</parameter>
                                    <parameter name="o3AddressLineTwo" source="field" updatable="true">temp.tmp_FN[1]/o3AddressLineTwo</parameter>
                                    <parameter name="hAddressLineThree" source="field" updatable="true">temp.tmp_FN[1]/hAddressLineThree</parameter>
                                    <parameter name="bAddressLineThree" source="field" updatable="true">temp.tmp_FN[1]/bAddressLineThree</parameter>
                                    <parameter name="o1AddressLineThree" source="field" updatable="true">temp.tmp_FN[1]/o1AddressLineThree</parameter>
                                    <parameter name="o2AddressLineThree" source="field" updatable="true">temp.tmp_FN[1]/o2AddressLineThree</parameter>
                                    <parameter name="o3AddressLineThree" source="field" updatable="true">temp.tmp_FN[1]/o3AddressLineThree</parameter>
                                    <parameter name="hCity" source="field" updatable="true">temp.tmp_FN[1]/hCity</parameter>
                                    <parameter name="bCity" source="field" updatable="true">temp.tmp_FN[1]/bCity</parameter>
                                    <parameter name="o1City" source="field" updatable="true">temp.tmp_FN[1]/o1City</parameter>
                                    <parameter name="o2City" source="field" updatable="true">temp.tmp_FN[1]/o2City</parameter>
                                    <parameter name="o3City" source="field" updatable="true">temp.tmp_FN[1]/o3City</parameter>
                                    <parameter name="hzip" source="field" updatable="true">temp.tmp_FN[1]/hzip</parameter>
                                    <parameter name="bzip" source="field" updatable="true">temp.tmp_FN[1]/bzip</parameter>
                                    <parameter name="o1zip" source="field" updatable="true">temp.tmp_FN[1]/o1zip</parameter>
                                    <parameter name="o2zip" source="field" updatable="true">temp.tmp_FN[1]/o2zip</parameter>
                                    <parameter name="o3zip" source="field" updatable="true">temp.tmp_FN[1]/o3zip</parameter>
                                    <parameter name="hprovince" source="field" updatable="true">temp.tmp_FN[1]/hprovince</parameter>
                                    <parameter name="bprovince" source="field" updatable="true">temp.tmp_FN[1]/bprovince</parameter>
                                    <parameter name="o1province" source="field" updatable="true">temp.tmp_FN[1]/o1province</parameter>
                                    <parameter name="o2province" source="field" updatable="true">temp.tmp_FN[1]/o2province</parameter>
                                    <parameter name="o3province" source="field" updatable="true">temp.tmp_FN[1]/o3province</parameter>
                                    <parameter name="hcountry" source="field" updatable="true">temp.tmp_FN[1]/hcountry</parameter>
                                    <parameter name="bcountry" source="field" updatable="true">temp.tmp_FN[1]/bcountry</parameter>
                                    <parameter name="o1country" source="field" updatable="true">temp.tmp_FN[1]/o1country</parameter>
                                    <parameter name="o2country" source="field" updatable="true">temp.tmp_FN[1]/o2country</parameter>
                                    <parameter name="o3country" source="field" updatable="true">temp.tmp_FN[1]/o3country</parameter>
                                    <parameter name="Market" source="field" updatable="true">temp.tmp_obj_one.Market__c</parameter>
                                    <parameter name="CommericalRegisterId" source="field" updatable="true">temp.tmp_obj_one.Commercial_Reg_No__c</parameter>
                                    <parameter name="XWebsite" source="field" updatable="true">temp.tmp_obj_one.Website</parameter>
                                    <parameter name="hXDistrictValue" source="field" updatable="true">temp.tmp_FN[1]/hXDistrictValue</parameter>
                                    <parameter name="bXDistrictValue" source="field" updatable="true">temp.tmp_FN[1]/bXDistrictValue</parameter>
                                    <parameter name="o1XDistrictValue" source="field" updatable="true">temp.tmp_FN[1]/o1XDistrictValue</parameter>
                                    <parameter name="o2XDistrictValue" source="field" updatable="true">temp.tmp_FN[1]/o2XDistrictValue</parameter>
                                    <parameter name="o3XDistrictValue" source="field" updatable="true">temp.tmp_FN[1]/o3XDistrictValue</parameter>
                                    <parameter name="Fax" source="field" updatable="true">temp.tmp_obj_one.Fax</parameter>
                                    <parameter name="Vat" source="field" updatable="true">temp.tmp_obj_one.Vat_No__c</parameter>
                                    <parameter name="PreferredLanguageValue" source="field" updatable="true">temp.tmp_obj_one.Preferred_Language__c</parameter>
                                    <parameter name="IndustryValue" source="field" updatable="true">temp.tmp_obj_one.Industry</parameter>
                                    <parameter name="MobilePrefContactMethodIndicator" source="formula">
                                       <expression language="XQuery">if($temp.tmp_obj_one.Preferred_Contact_Method__c ='Mobile') then 'Y' else ''</expression>
                                    </parameter>
                                    <parameter name="HomePrefContactMethodIndicator" source="formula">
                                       <expression language="XQuery">if($temp.tmp_obj_one.Preferred_Contact_Method__c ='Home Phone') then 'Y' else ''</expression>
                                    </parameter>
                                    <parameter name="WorkPrefContactMethodIndicator" source="formula">
                                       <expression language="XQuery">if($temp.tmp_obj_one.Preferred_Contact_Method__c ='Work Phone') then 'Y' else ''</expression>
                                    </parameter>
                                    <parameter name="hPreferredAddressIndicator" source="field" updatable="true">temp.tmp_FN[1]/hPreferredAddressIndicator</parameter>
                                    <parameter name="bPreferredAddressIndicator" source="field" updatable="true">temp.tmp_FN[1]/bPreferredAddressIndicator</parameter>
                                    <parameter name="o1PreferredAddressIndicator" source="field" updatable="true">temp.tmp_FN[1]/o1PreferredAddressIndicator</parameter>
                                    <parameter name="o2PreferredAddressIndicator" source="field" updatable="true">temp.tmp_FN[1]/o2PreferredAddressIndicator</parameter>
                                    <parameter name="o3PreferredAddressIndicator" source="field" updatable="true">temp.tmp_FN[1]/o3PreferredAddressIndicator</parameter>
                                    <parameter name="Email_Consent" source="formula">
                                       <expression language="XQuery">if (fn:upper-case($temp.tmp_obj_one.Opt_In_Email__c) = 'TRUE') then
    'Yes'
else
    'No'</expression>
                                    </parameter>
                                    <parameter name="Phone_Consent" source="formula">
                                       <expression language="XQuery">if (fn:upper-case($temp.tmp_obj_one.Opt_In_Phone__c) = 'TRUE') then
	'Yes'
else
	'No'</expression>
                                    </parameter>
                                    <parameter name="Postal_Consent" source="formula">
                                       <expression language="XQuery">if (fn:upper-case($temp.tmp_obj_one.Postal_Opt_In__c) = 'TRUE') then
	'Yes'
else
	'No'</expression>
                                    </parameter>
                                    <parameter name="SMS_Consent" source="formula">
                                       <expression language="XQuery">if (fn:upper-case($temp.tmp_obj_one.Opt_In_SMS3__c) = 'TRUE') then 
	'Yes'
else
	'No'</expression>
                                    </parameter>
                                    <parameter name="Createdate" source="field">temp.tmp_obj_one.CreatedDate</parameter>
                                    <parameter name="Establishdate" source="field" updatable="true">temp.tmp_obj_one.Foundation_Date__c</parameter>
                                    <parameter name="NoofEmployees" source="field" updatable="true">temp.tmp_obj_one.Company_No_Of_Employees__c</parameter>
                                    <parameter name="MobileLastModifiedDate" source="field" updatable="true">temp.tmp_obj_one.SMS_Last_Modified_Date__c</parameter>
                                    <parameter name="HomeLastModifiedDate" source="field" updatable="true">temp.tmp_obj_one.Home_Phone_Last_Modified_Date__c</parameter>
                                    <parameter name="WorkLastModifiedDate" source="field" updatable="true">temp.tmp_obj_one.Work_Phone_Last_Modified_Date__c</parameter>
                                    <parameter name="EmailLastModifiedDate" source="field" updatable="true">temp.tmp_obj_one.Email_Last_Modified_Date__c</parameter>
                                    <parameter name="FaxLastModifiedDate" source="field" updatable="true">temp.tmp_obj_one.Fax_Last_Modified_Date__c</parameter>
                                 </serviceInput>
                              </service>
                              <flow id="jtin427r">
                                 <assignment id="jtjjov55">
                                    <title>Fault Check</title>
                                    <operation source="formula" to="temp.tmp_Fault">
                                       <expression language="XQuery">if (fn:empty($output.Fault)) then 'Success' else 'Error'</expression>
                                    </operation>
                                    <link id="jtjjov7t" targetId="jtjjov7s"/>
                                 </assignment>
                                 <container id="jtjjov7s" type="exclusive">
                                    <title>Check Fault</title>
                                    <flow id="jtjjov7v">
                                       <link id="jtjjov7w" targetId="jtjjov7s" type="containerLink"/>
                                    </flow>
                                    <flow id="jtjjov7y">
                                       <assignment id="jtjjovcn">
                                          <title>Assign Fault</title>
                                          <operation source="field" to="output.op_FN[1]/SFDCID">temp.tmp_obj_one.Id</operation>
                                          <operation source="field" to="output.op_FN[1]/Organization">temp.tmp_obj_one.Name</operation>
                                          <operation source="field" to="output.op_FN[1]/Fault">output.Fault</operation>
                                          <operation source="field" to="output.op_FN[1]/Market">temp.tmp_obj_one.Market__c</operation>
                                          <operation source="field" to="output.op_FN[1]/UCID">temp.tmp_obj_one.UCID__c</operation>
                                          <operation source="field" to="output.op_FN">output.op_FN</operation>
                                          <link id="ju0ruhmb" targetId="ju0ruhma"/>
                                       </assignment>
                                       <throw id="ju0ruhma">
                                          <title>Throw 1</title>
                                          <throwInput>
                                             <parameter name="code" source="constant" updatable="true">500-IIB</parameter>
                                             <parameter name="detail" source="field" updatable="true">output.Fault</parameter>
                                             <parameter name="reason" source="formula" updatable="true">
                                                <expression language="XQuery">fn:concat($output.op_FN[1]/Market,'|',$output.op_FN[1]/SFDCID, ' ', $output.op_FN[1]/UCID  )</expression>
                                             </parameter>
                                          </throwInput>
                                       </throw>
                                    </flow>
                                    <link id="jtjjov7u" targetId="jtjjov7v" type="containerLink">
                                       <condition source="formula">
                                          <function name="string-equals">
                                             <arg name="left">{$temp.tmp_Fault}</arg>
                                             <arg name="right">Success</arg>
                                          </function>
                                       </condition>
                                    </link>
                                    <link id="jtjjov7x" targetId="jtjjov7y" type="containerLink"/>
                                 </container>
                                 <link id="jtin427s" targetId="jtin427p" type="containerLink"/>
                              </flow>
                              <flow id="jtin427u">
                                 <throw id="jtr6dpkt">
                                    <title>Throw 1</title>
                                    <throwInput>
                                       <parameter name="code" source="field" updatable="true">output.faultInfo[1]/code</parameter>
                                       <parameter name="detail" source="field" updatable="true">output.faultInfo[1]/detail</parameter>
                                       <parameter name="reason" source="field" updatable="true">output.faultInfo[1]/reason</parameter>
                                    </throwInput>
                                 </throw>
                              </flow>
                              <link id="jtin427q" targetId="jtin427r" type="containerLink"/>
                              <events>
                                 <catch faultField="faultInfo" id="jtin427o" interrupting="true">
                                    <link id="jtin427t" targetId="jtin427u" type="containerLink"/>
                                 </catch>
                              </events>
                           </eventContainer>
                           <link id="jrbj85j0" targetId="jrbj85iv" type="containerLink"/>
                        </flow>
                        <flow id="jrbj85j2">
                           <eventContainer id="jtjjovnv">
                              <service id="jrcayz9s">
                                 <title>UpdateOrganization without address</title>
                                 <serviceName>cn-DFM-SARI-UpdateOrganizationAccount:UpdateOrganization</serviceName>
                                 <serviceGUID>afRzgt3ctDxkC9XwUpAnIR</serviceGUID>
                                 <serviceInput>
                                    <parameter name="Organization" source="field" updatable="true">temp.tmp_obj_one.Name</parameter>
                                    <parameter name="HomeTelephone" source="field" updatable="true">temp.tmp_obj_one.Individual_Home_Phone__c</parameter>
                                    <parameter name="WorkTelephone" source="field" updatable="true">temp.tmp_obj_one.Work_Phone__c</parameter>
                                    <parameter name="LastModifiedDate" source="field">temp.tmp_obj_one.LastModifiedDate</parameter>
                                    <parameter name="UCID" source="field" updatable="true">temp.tmp_obj_one.UCID__c</parameter>
                                    <parameter name="MobileTelephone" source="field" updatable="true">temp.tmp_obj_one.Mobile__c</parameter>
                                    <parameter name="email" source="field" updatable="true">temp.tmp_obj_one.Email__c</parameter>
                                    <parameter name="Market" source="field" updatable="true">temp.tmp_obj_one.Market__c</parameter>
                                    <parameter name="CommericalRegisterId" source="field" updatable="true">temp.tmp_obj_one.Commercial_Reg_No__c</parameter>
                                    <parameter name="XWebsite" source="field" updatable="true">temp.tmp_obj_one.Website</parameter>
                                    <parameter name="Fax" source="field" updatable="true">temp.tmp_obj_one.Fax</parameter>
                                    <parameter name="Vat" source="field" updatable="true">temp.tmp_obj_one.Vat_No__c</parameter>
                                    <parameter name="PreferredLanguageValue" source="field" updatable="true">temp.tmp_obj_one.Preferred_Language__c</parameter>
                                    <parameter name="IndustryValue" source="field" updatable="true">temp.tmp_obj_one.Industry</parameter>
                                    <parameter name="MobilePrefContactMethodIndicator" source="formula">
                                       <expression language="XQuery">if($temp.tmp_obj_one.Preferred_Contact_Method__c ='Mobile') then 'Y' else ''</expression>
                                    </parameter>
                                    <parameter name="HomePrefContactMethodIndicator" source="formula">
                                       <expression language="XQuery">if($temp.tmp_obj_one.Preferred_Contact_Method__c ='Home Phone') then 'Y' else ''</expression>
                                    </parameter>
                                    <parameter name="WorkPrefContactMethodIndicator" source="formula">
                                       <expression language="XQuery">if($temp.tmp_obj_one.Preferred_Contact_Method__c='Work Phone') then 'Y' else ''</expression>
                                    </parameter>
                                    <parameter name="Email_Consent" source="formula">
                                       <expression language="XQuery">if (fn:upper-case($temp.tmp_obj_one.Opt_In_Email__c) = 'TRUE') then
    'Yes'
else
    'No'</expression>
                                    </parameter>
                                    <parameter name="Phone_Consent" source="formula">
                                       <expression language="XQuery">if (fn:upper-case($temp.tmp_obj_one.Opt_In_Phone__c) = 'TRUE') then
	'Yes'
else
	'No'
	</expression>
                                    </parameter>
                                    <parameter name="Postal_Consent" source="formula">
                                       <expression language="XQuery">if (fn:upper-case($temp.tmp_obj_one.Postal_Opt_In__c) = 'TRUE') then
	'Yes'
else
	'No'</expression>
                                    </parameter>
                                    <parameter name="SMS_Consent" source="formula">
                                       <expression language="XQuery">if (fn:upper-case($temp.tmp_obj_one.Opt_In_SMS3__c) = 'TRUE') then 
	'Yes'
else
	'No'</expression>
                                    </parameter>
                                    <parameter name="Createdate" source="field">temp.tmp_obj_one.CreatedDate</parameter>
                                    <parameter name="Establishdate" source="field" updatable="true">temp.tmp_obj_one.Foundation_Date__c</parameter>
                                    <parameter name="NoofEmployees" source="field" updatable="true">temp.tmp_obj_one.Company_No_Of_Employees__c</parameter>
                                    <parameter name="MobileLastModifiedDate" source="field" updatable="true">temp.tmp_obj_one.SMS_Last_Modified_Date__c</parameter>
                                    <parameter name="HomeLastModifiedDate" source="field" updatable="true">temp.tmp_obj_one.Home_Phone_Last_Modified_Date__c</parameter>
                                    <parameter name="WorkLastModifiedDate" source="field" updatable="true">temp.tmp_obj_one.Work_Phone_Last_Modified_Date__c</parameter>
                                    <parameter name="EmailLastModifiedDate" source="field" updatable="true">temp.tmp_obj_one.Email_Last_Modified_Date__c</parameter>
                                    <parameter name="FaxLastModifiedDate" source="field" updatable="true">temp.tmp_obj_one.Fax_Last_Modified_Date__c</parameter>
                                 </serviceInput>
                              </service>
                              <flow id="jtjjovnx">
                                 <assignment id="jtjjovu2">
                                    <title>Fault Check 1</title>
                                    <operation source="formula" to="temp.tmp_Fault">
                                       <expression language="XQuery">if (fn:empty($output.Fault)) then 'Success' else 'Error'</expression>
                                    </operation>
                                    <link id="jtjjovx8" targetId="jtjjovx7"/>
                                 </assignment>
                                 <container id="jtjjovx7" type="exclusive">
                                    <title>Check Fault 1</title>
                                    <flow id="jtjjovxa">
                                       <link id="jtjjovxb" targetId="jtjjovx7" type="containerLink"/>
                                    </flow>
                                    <flow id="jtjjovxd">
                                       <assignment id="jtjjow8m">
                                          <title>Assign Fault 1</title>
                                          <operation source="field" to="output.op_FN[1]/SFDCID">temp.tmp_obj_one.Id</operation>
                                          <operation source="field" to="output.op_FN[1]/Organization">temp.tmp_obj_one.Name</operation>
                                          <operation source="field" to="output.op_FN[1]/Fault">output.Fault</operation>
                                          <operation source="field" to="output.op_FN[1]/Market">temp.tmp_obj_one.Market__c</operation>
                                          <operation source="field" to="output.op_FN[1]/UCID">temp.tmp_obj_one.UCID__c</operation>
                                          <operation source="field" to="output.op_FN">output.op_FN</operation>
                                          <link id="ju0ruhl3" targetId="ju0ruhl2"/>
                                       </assignment>
                                       <throw id="ju0ruhl2">
                                          <title>Throw 2</title>
                                          <throwInput>
                                             <parameter name="code" source="constant" updatable="true">500-IIB</parameter>
                                             <parameter name="detail" source="field" updatable="true">output.Fault</parameter>
                                             <parameter name="reason" source="formula" updatable="true">
                                                <expression language="XQuery">fn:concat($output.op_FN[1]/Market,'|',$output.op_FN[1]/SFDCID, ' ', $output.op_FN[1]/UCID  )</expression>
                                             </parameter>
                                          </throwInput>
                                       </throw>
                                    </flow>
                                    <link id="jtjjovx9" targetId="jtjjovxa" type="containerLink">
                                       <condition source="formula">
                                          <function name="string-equals">
                                             <arg name="left">{$temp.tmp_Fault}</arg>
                                             <arg name="right">Success</arg>
                                          </function>
                                       </condition>
                                    </link>
                                    <link id="jtjjovxc" targetId="jtjjovxd" type="containerLink"/>
                                 </container>
                                 <link id="jtjjovny" targetId="jtjjovnv" type="containerLink"/>
                              </flow>
                              <flow id="jtjjovo0">
                                 <throw id="jtr6dpgs">
                                    <title>Throw</title>
                                    <throwInput>
                                       <parameter name="code" source="field" updatable="true">output.faultInfo[1]/code</parameter>
                                       <parameter name="detail" source="field" updatable="true">output.faultInfo[1]/detail</parameter>
                                       <parameter name="reason" source="field" updatable="true">output.faultInfo[1]/reason</parameter>
                                    </throwInput>
                                 </throw>
                              </flow>
                              <link id="jtjjovnw" targetId="jtjjovnx" type="containerLink"/>
                              <events>
                                 <catch faultField="faultInfo" id="jtjjovnu" interrupting="true">
                                    <link id="jtjjovnz" targetId="jtjjovo0" type="containerLink"/>
                                 </catch>
                              </events>
                           </eventContainer>
                           <link id="jrbj85j3" targetId="jrbj85iv" type="containerLink"/>
                        </flow>
                        <link id="jrbj85iy" targetId="jrbj85iz" type="containerLink">
                           <condition source="formula">
                              <function name="set">
                                 <arg name="field">{$temp.Address_Tmp}</arg>
                              </function>
                           </condition>
                        </link>
                        <link id="jrbj85j1" targetId="jrbj85j2" type="containerLink">
                           <condition source="formula">
                              <function name="unset">
                                 <arg name="field">{$temp.Address_Tmp}</arg>
                              </function>
                           </condition>
                        </link>
                        <link id="jrbj85pq" targetId="jm7afmbc"/>
                     </container>
                     <jumpTo id="jm77zwwd">
                        <link id="jm7afmev" targetId="jm77zwv2"/>
                     </jumpTo>
                  </flow>
                  <flow id="jm77zwvw">
                     <end id="jm77zwvv">
                        <title>End of process</title>
                        <httpStatus>404</httpStatus>
                     </end>
                  </flow>
                  <link id="jm77zwvq" targetId="jm77zwvt" type="containerLink">
                     <condition source="formula">
                        <function name="set">
                           <arg name="field">{$temp.tmp_head}</arg>
                        </function>
                     </condition>
                  </link>
                  <link id="jm77zwvr" targetId="jm77zwvw" type="containerLink">
                     <condition source="formula">
                        <function name="unset">
                           <arg name="field">{$temp.tmp_head}</arg>
                        </function>
                     </condition>
                  </link>
               </container>
            </flow>
         </process>
      </types1:Entry>
      <types1:GUID>7Qqv8IWW2iCifOg5FwrXwG</types1:GUID>
      <types1:DisplayName>pd-DFM-SARI-UpdateOrganizationAccount</types1:DisplayName>
   </types1:Item>
   <types1:CurrentServerDateTime>2019-07-15T08:51:03.333Z</types1:CurrentServerDateTime>
</aetgt:getResponse>
