<aetgt:getResponse xmlns:aetgt="http://schemas.active-endpoints.com/appmodules/repository/2010/10/avrepository.xsd"
                   xmlns:types1="http://schemas.active-endpoints.com/appmodules/repository/2010/10/avrepository.xsd">
   <types1:Item>
      <types1:EntryId>Y8DglxbdypKwKBq-gt-89212291-2019-05-03T08:24:40.812Z::po.xml</types1:EntryId>
      <types1:Name>po-DFM-SARI-UpdateOrganizationAccount</types1:Name>
      <types1:ParentFlowIds>O3M4WwOC2XZPnE2-gt-24434159-2019-05-03T08:24:41.647Z::pd.xml</types1:ParentFlowIds>
      <types1:MimeType>application/xml+processobject</types1:MimeType>
      <types1:Description>To retrieve Multiple ID</types1:Description>
      <types1:AppliesTo/>
      <types1:Tags/>
      <types1:VersionLabel>1.0</types1:VersionLabel>
      <types1:State>CURRENT</types1:State>
      <types1:ProcessGroup/>
      <types1:CreatedBy>vnrnbm@informatica.com</types1:CreatedBy>
      <types1:CreationDate>2019-05-03T08:24:41Z</types1:CreationDate>
      <types1:ModifiedBy>jpatra</types1:ModifiedBy>
      <types1:ModificationDate>2019-05-20T12:39:32Z</types1:ModificationDate>
      <types1:PublicationStatus>unpublished</types1:PublicationStatus>
      <types1:AutosaveExists>false</types1:AutosaveExists>
      <types1:Entry>
         <processObject xmlns="http://schemas.active-endpoints.com/appmodules/screenflow/2011/06/avosHostEnvironment.xsd"
                        displayName="po-DFM-SARI-UpdateOrganizationAccount"
                        isByCopy="true"
                        name="po-DFM-SARI-UpdateOrganizationAccount">
            <description>To retrieve Multiple ID</description>
            <tags/>
            <detail>
               <field label="hAddressUsageValue" name="hAddressUsageValue" type="string"/>
               <field label="hPreferredAddressIndicator"
                      name="hPreferredAddressIndicator"
                      type="string"/>
               <field label="hAddressLineOne" name="hAddressLineOne" type="string"/>
               <field label="hAddressLineTwo" name="hAddressLineTwo" type="string"/>
               <field label="hAddressLineThree" name="hAddressLineThree" type="string"/>
               <field label="hzip" name="hzip" type="string"/>
               <field label="hprovince" name="hprovince" type="string"/>
               <field label="hcountry" name="hcountry" type="string"/>
               <field label="hXDistrictValue" name="hXDistrictValue" type="string"/>
               <field label="bAddressUsageValue" name="bAddressUsageValue" type="string"/>
               <field label="bPreferredAddressIndicator"
                      name="bPreferredAddressIndicator"
                      type="string"/>
               <field label="bAddressLineOne" name="bAddressLineOne" type="string"/>
               <field label="bAddressLineTwo" name="bAddressLineTwo" type="string"/>
               <field label="bAddressLineThree" name="bAddressLineThree" type="string"/>
               <field label="bCity" name="bCity" type="string"/>
               <field label="bzip" name="bzip" type="string"/>
               <field label="bprovince" name="bprovince" type="string"/>
               <field label="bcountry" name="bcountry" type="string"/>
               <field label="bXDistrictValue" name="bXDistrictValue" type="string"/>
               <field label="o1AddressUsageValue"
                      name="o1AddressUsageValue"
                      type="string"/>
               <field label="o1PreferredAddressIndicator"
                      name="o1PreferredAddressIndicator"
                      type="string"/>
               <field label="o1AddressLineOne" name="o1AddressLineOne" type="string"/>
               <field label="o1AddressLineTwo" name="o1AddressLineTwo" type="string"/>
               <field label="o1AddressLineThree" name="o1AddressLineThree" type="string"/>
               <field label="o1City" name="o1City" type="string"/>
               <field label="o1zip" name="o1zip" type="string"/>
               <field label="o1province" name="o1province" type="string"/>
               <field label="o1country" name="o1country" type="string"/>
               <field label="o1XDistrictValue" name="o1XDistrictValue" type="string"/>
               <field label="o2AddressUsageValue"
                      name="o2AddressUsageValue"
                      type="string"/>
               <field label="o2PreferredAddressIndicator"
                      name="o2PreferredAddressIndicator"
                      type="string"/>
               <field label="o2AddressLineOne" name="o2AddressLineOne" type="string"/>
               <field label="o2AddressLineTwo" name="o2AddressLineTwo" type="string"/>
               <field label="o2AddressLineThree" name="o2AddressLineThree" type="string"/>
               <field label="o2City" name="o2City" type="string"/>
               <field label="o2zip" name="o2zip" type="string"/>
               <field label="o2province" name="o2province" type="string"/>
               <field label="o2country" name="o2country" type="string"/>
               <field label="o2XDistrictValue" name="o2XDistrictValue" type="string"/>
               <field label="o3AddressUsageValue"
                      name="o3AddressUsageValue"
                      type="string"/>
               <field label="o3PreferredAddressIndicator"
                      name="o3PreferredAddressIndicator"
                      type="string"/>
               <field label="o3AddressLineOne" name="o3AddressLineOne" type="string"/>
               <field label="o3AddressLineTwo" name="o3AddressLineTwo" type="string"/>
               <field label="o3AddressLineThree" name="o3AddressLineThree" type="string"/>
               <field label="o3City" name="o3City" type="string"/>
               <field label="o3zip" name="o3zip" type="string"/>
               <field label="o3province" name="o3province" type="string"/>
               <field label="o3country" name="o3country" type="string"/>
               <field label="o3XDistrictValue" name="o3XDistrictValue" type="string"/>
               <field label="hCity" name="hCity" type="string"/>
               <field label="Fault" name="Fault" type="string"/>
               <field label="Market" name="Market" type="string"/>
               <field label="UCID" name="UCID" type="string"/>
            </detail>
         </processObject>
      </types1:Entry>
      <types1:GUID>hO2eJz2IbugjiKZuWPtgCA</types1:GUID>
      <types1:DisplayName>po-DFM-SARI-UpdateOrganizationAccount</types1:DisplayName>
   </types1:Item>
   <types1:CurrentServerDateTime>2019-07-15T08:51:03.05Z</types1:CurrentServerDateTime>
</aetgt:getResponse>
