<aetgt:getResponse xmlns:aetgt="http://schemas.active-endpoints.com/appmodules/repository/2010/10/avrepository.xsd"
                   xmlns:types1="http://schemas.active-endpoints.com/appmodules/repository/2010/10/avrepository.xsd">
   <types1:Item>
      <types1:EntryId>Nn3wOLIFvukNXHV-gt-89212267-2019-05-03T08:24:40.634Z::po.xml</types1:EntryId>
      <types1:Name>po-DFM-SARI-UpdateOrganizationAccount-OP</types1:Name>
      <types1:ParentFlowIds>O3M4WwOC2XZPnE2-gt-24434159-2019-05-03T08:24:41.647Z::pd.xml</types1:ParentFlowIds>
      <types1:MimeType>application/xml+processobject</types1:MimeType>
      <types1:Description/>
      <types1:AppliesTo/>
      <types1:Tags/>
      <types1:VersionLabel>1.0</types1:VersionLabel>
      <types1:State>CURRENT</types1:State>
      <types1:ProcessGroup/>
      <types1:CreatedBy>vnrnbm@informatica.com</types1:CreatedBy>
      <types1:CreationDate>2019-05-03T08:24:41Z</types1:CreationDate>
      <types1:ModifiedBy>jpatra</types1:ModifiedBy>
      <types1:ModificationDate>2019-05-20T12:39:32Z</types1:ModificationDate>
      <types1:PublicationStatus>unpublished</types1:PublicationStatus>
      <types1:AutosaveExists>false</types1:AutosaveExists>
      <types1:Entry>
         <processObject xmlns="http://schemas.active-endpoints.com/appmodules/screenflow/2011/06/avosHostEnvironment.xsd"
                        displayName="po-DFM-SARI-UpdateOrganizationAccount-OP"
                        isByCopy="true"
                        name="po-DFM-SARI-UpdateOrganizationAccount-OP">
            <description/>
            <tags/>
            <detail>
               <field label="UCID" name="UCID" type="string"/>
               <field label="Organization" name="Organization" type="string"/>
               <field label="Email" name="Email" type="string"/>
               <field label="MobilePhone" name="MobilePhone" type="string"/>
               <field label="HomePhone" name="HomePhone" type="string"/>
               <field label="WorkPhone" name="WorkPhone" type="string"/>
               <field label="SFDCID" name="SFDCID" type="string"/>
               <field label="Fault" name="Fault" type="string"/>
               <field label="Market" name="Market" type="string"/>
            </detail>
         </processObject>
      </types1:Entry>
      <types1:GUID>dSvvfI5gVafbHog7TL2J6E</types1:GUID>
      <types1:DisplayName>po-DFM-SARI-UpdateOrganizationAccount-OP</types1:DisplayName>
   </types1:Item>
   <types1:CurrentServerDateTime>2019-07-15T08:51:03.003Z</types1:CurrentServerDateTime>
</aetgt:getResponse>
