<aetgt:getResponse xmlns:aetgt="http://schemas.active-endpoints.com/appmodules/repository/2010/10/avrepository.xsd"
                   xmlns:types1="http://schemas.active-endpoints.com/appmodules/repository/2010/10/avrepository.xsd">
   <types1:Item>
      <types1:EntryId>UcgiciT6sFsdsFs-gt-89212283-2019-05-03T08:24:40.755Z::svc.xml</types1:EntryId>
      <types1:Name>sc-DFM-SARI-UpdateOrganizationAccount</types1:Name>
      <types1:ParentFlowIds>POiVhC2g0aaaaaa-gt-89212275-2019-05-03T08:24:40.668Z::conn.xml</types1:ParentFlowIds>
      <types1:MimeType>application/xml+businesssconnector</types1:MimeType>
      <types1:Description/>
      <types1:AppliesTo/>
      <types1:Tags/>
      <types1:VersionLabel>1.0</types1:VersionLabel>
      <types1:State>CURRENT</types1:State>
      <types1:ProcessGroup/>
      <types1:CreatedBy>vnrnbm@informatica.com</types1:CreatedBy>
      <types1:CreationDate>2019-05-03T08:24:41Z</types1:CreationDate>
      <types1:ModifiedBy>vnrnbm@informatica.com</types1:ModifiedBy>
      <types1:ModificationDate>2019-05-24T09:51:43Z</types1:ModificationDate>
      <types1:PublicationStatus>published</types1:PublicationStatus>
      <types1:PublishedBy>vnrnbm@informatica.com</types1:PublishedBy>
      <types1:PublicationDate>2019-05-24T09:52:10Z</types1:PublicationDate>
      <types1:PublishedContributionId>project:/rt.connector/sc_DFM_SARI_UpdateOrganizationAccount/sc_DFM_SARI_UpdateOrganizationAccount_svcDef.xml</types1:PublishedContributionId>
      <types1:AutosaveExists>false</types1:AutosaveExists>
      <types1:Entry>
         <businessConnector xmlns="http://schemas.informatica.com/socrates/data-services/2014/05/business-connector-model.xsd"
                            agentOnly="true"
                            debug="false"
                            displayName="sc-DFM-SARI-UpdateOrganizationAccount"
                            label=""
                            name="sc-DFM-SARI-UpdateOrganizationAccount"
                            uuid="2bd28cd5-b53c-4117-8975-9af0d18e3086">
            <description/>
            <tags/>
            <connectionAttributes xmlns="http://schemas.informatica.com/appmodules/screenflow/2014/04/avosConnectors.xsd"/>
            <actions>
               <action category=""
                       failOnError="true"
                       forSearch="false"
                       label="UpdateOrganization"
                       maxRedirects="100"
                       name="UpdateOrganization"
                       preemptiveAuth="false"
                       responseEncoding="">
                  <description/>
                  <input>
                     <parameter name="Organization"
                                required="false"
                                testWith="test company acc IC"
                                type="string"/>
                     <parameter name="HomeTelephone" required="false" testWith="" type="string"/>
                     <parameter name="WorkTelephone" required="false" testWith="" type="string"/>
                     <parameter name="LastModifiedDate"
                                required="false"
                                testWith=""
                                type="string"/>
                     <parameter name="UCID"
                                required="false"
                                testWith="3000086074051D135E7"
                                type="string"/>
                     <parameter name="MobileTelephone"
                                required="false"
                                testWith="+917757977801"
                                type="string"/>
                     <parameter name="email"
                                required="false"
                                testWith="tej@gmail.com"
                                type="string"/>
                     <parameter name="hAddressUsageValue"
                                required="false"
                                testWith=""
                                type="string"/>
                     <parameter name="bAddressUsageValue"
                                required="false"
                                testWith=""
                                type="string"/>
                     <parameter name="o1AddressUsageValue"
                                required="false"
                                testWith=""
                                type="string"/>
                     <parameter name="o2AddressUsageValue"
                                required="false"
                                testWith=""
                                type="string"/>
                     <parameter name="o3AddressUsageValue"
                                required="false"
                                testWith=""
                                type="string"/>
                     <parameter name="hAddressLineOne"
                                required="false"
                                testWith="line1"
                                type="string"/>
                     <parameter name="bAddressLineOne"
                                required="false"
                                testWith=""
                                type="string"/>
                     <parameter name="o1AddressLineOne"
                                required="false"
                                testWith=""
                                type="string"/>
                     <parameter name="o2AddressLineOne"
                                required="false"
                                testWith=""
                                type="string"/>
                     <parameter name="o3AddressLineOne"
                                required="false"
                                testWith=""
                                type="string"/>
                     <parameter name="hAddressLineTwo"
                                required="false"
                                testWith="line2"
                                type="string"/>
                     <parameter name="bAddressLineTwo"
                                required="false"
                                testWith=""
                                type="string"/>
                     <parameter name="o1AddressLineTwo"
                                required="false"
                                testWith=""
                                type="string"/>
                     <parameter name="o2AddressLineTwo"
                                required="false"
                                testWith=""
                                type="string"/>
                     <parameter name="o3AddressLineTwo"
                                required="false"
                                testWith=""
                                type="string"/>
                     <parameter name="hAddressLineThree"
                                required="false"
                                testWith="line3"
                                type="string"/>
                     <parameter name="bAddressLineThree"
                                required="false"
                                testWith=""
                                type="string"/>
                     <parameter name="o1AddressLineThree"
                                required="false"
                                testWith=""
                                type="string"/>
                     <parameter name="o2AddressLineThree"
                                required="false"
                                testWith=""
                                type="string"/>
                     <parameter name="o3AddressLineThree"
                                required="false"
                                testWith=""
                                type="string"/>
                     <parameter name="hCity" required="false" testWith="city" type="string"/>
                     <parameter name="bCity" required="false" testWith="" type="string"/>
                     <parameter name="o1City" required="false" testWith="" type="string"/>
                     <parameter name="o2City" required="false" testWith="" type="string"/>
                     <parameter name="o3City" required="false" testWith="" type="string"/>
                     <parameter name="hzip" required="false" testWith="12354" type="string"/>
                     <parameter name="bzip" required="false" testWith="" type="string"/>
                     <parameter name="o1zip" required="false" testWith="" type="string"/>
                     <parameter name="o2zip" required="false" testWith="" type="string"/>
                     <parameter name="o3zip" required="false" testWith="" type="string"/>
                     <parameter name="hprovince" required="false" testWith="prov" type="string"/>
                     <parameter name="bprovince" required="false" testWith="" type="string"/>
                     <parameter name="o1province" required="false" testWith="" type="string"/>
                     <parameter name="o2province" required="false" testWith="" type="string"/>
                     <parameter name="o3province" required="false" testWith="" type="string"/>
                     <parameter name="hcountry"
                                required="false"
                                testWith="Indonesia"
                                type="string"/>
                     <parameter name="bcountry" required="false" testWith="" type="string"/>
                     <parameter name="o1country" required="false" testWith="" type="string"/>
                     <parameter name="o2country" required="false" testWith="" type="string"/>
                     <parameter name="o3country" required="false" testWith="" type="string"/>
                     <parameter name="Market" required="false" testWith="ID" type="string"/>
                     <parameter name="CommericalRegisterId"
                                required="false"
                                testWith=""
                                type="string"/>
                     <parameter name="XWebsite" required="false" testWith="" type="string"/>
                     <parameter name="hXDistrictValue"
                                required="false"
                                testWith=""
                                type="string"/>
                     <parameter name="bXDistrictValue"
                                required="false"
                                testWith=""
                                type="string"/>
                     <parameter name="o1XDistrictValue"
                                required="false"
                                testWith=""
                                type="string"/>
                     <parameter name="o2XDistrictValue"
                                required="false"
                                testWith=""
                                type="string"/>
                     <parameter name="o3XDistrictValue"
                                required="false"
                                testWith=""
                                type="string"/>
                     <parameter name="Fax" required="false" testWith="" type="string"/>
                     <parameter name="Vat" required="false" testWith="" type="string"/>
                     <parameter name="PreferredLanguageValue"
                                required="false"
                                testWith="English"
                                type="string"/>
                     <parameter name="IndustryValue" required="false" testWith="" type="string"/>
                     <parameter name="MobilePrefContactMethodIndicator"
                                required="false"
                                testWith=""
                                type="string"/>
                     <parameter name="HomePrefContactMethodIndicator"
                                required="false"
                                testWith=""
                                type="string"/>
                     <parameter name="WorkPrefContactMethodIndicator"
                                required="false"
                                testWith=""
                                type="string"/>
                     <parameter name="hPreferredAddressIndicator"
                                required="false"
                                testWith=""
                                type="string"/>
                     <parameter name="bPreferredAddressIndicator"
                                required="false"
                                testWith=""
                                type="string"/>
                     <parameter name="o1PreferredAddressIndicator"
                                required="false"
                                testWith=""
                                type="string"/>
                     <parameter name="o2PreferredAddressIndicator"
                                required="false"
                                testWith=""
                                type="string"/>
                     <parameter name="o3PreferredAddressIndicator"
                                required="false"
                                testWith=""
                                type="string"/>
                     <parameter name="Email_Consent"
                                required="false"
                                testWith="No"
                                type="string"/>
                     <parameter name="Phone_Consent"
                                required="false"
                                testWith="No"
                                type="string"/>
                     <parameter name="Postal_Consent"
                                required="false"
                                testWith="No"
                                type="string"/>
                     <parameter name="SMS_Consent" required="false" testWith="No" type="string"/>
                     <parameter name="Createdate" required="false" testWith="" type="string"/>
                     <parameter name="Establishdate" required="false" testWith="" type="string"/>
                     <parameter name="NoofEmployees" required="false" testWith="" type="string"/>
                     <parameter name="MobileLastModifiedDate"
                                required="false"
                                testWith=""
                                type="string"/>
                     <parameter name="HomeLastModifiedDate"
                                required="false"
                                testWith=""
                                type="string"/>
                     <parameter name="WorkLastModifiedDate"
                                required="false"
                                testWith=""
                                type="string"/>
                     <parameter name="EmailLastModifiedDate"
                                required="false"
                                testWith=""
                                type="string"/>
                     <parameter name="FaxLastModifiedDate"
                                required="false"
                                testWith=""
                                type="string"/>
                  </input>
                  <binding>
                     <restSimpleBinding multiUsing="semicolonSeparated"
                                        url="https://use4-cai.dm-us.informaticacloud.com/active-bpel/public/rt/1RTLiGGOD2MlpEDGD0bTYj/DaimlerTEST"
                                        verb="POST">
                        <body generateUsing="JSON" preserveJsonStringFormatting="false"/>
                     </restSimpleBinding>
                  </binding>
                  <output>
                     <field description="" name="PartyId" property="hzip" type="string"/>
                     <field description=""
                            name="ErrorMessage"
                            property="Organization"
                            type="string"/>
                     <field description=""
                            name="AddressLineOne"
                            property="hAddressLineOne"
                            type="string"/>
                     <field description=""
                            name="AddressUsageValue"
                            property="hprovince"
                            type="string"/>
                     <field description=""
                            name="OrganizationName"
                            property="Organization"
                            type="string"/>
                     <field description=""
                            name="ReferenceNumber"
                            property="UCID"
                            type="string"/>
                     <field description=""
                            name="TCRMAdminContEquivBObj"
                            property="UCID"
                            type="string"/>
                     <field description="" name="Fault" property="hcountry" type="string"/>
                  </output>
               </action>
            </actions>
            <objects/>
         </businessConnector>
      </types1:Entry>
      <types1:GUID>8yRpgNLuvGDlhsrT7XHgKr</types1:GUID>
      <types1:DisplayName>sc-DFM-SARI-UpdateOrganizationAccount</types1:DisplayName>
   </types1:Item>
   <types1:CurrentServerDateTime>2019-07-15T08:51:03.026Z</types1:CurrentServerDateTime>
</aetgt:getResponse>
