objectPath,objectName,objectType,id
/Explore/customer's,Deloitte,Folder,9Nm88Jjlo4QjDjaK6C1q2u
/Explore/customer's/Deloitte,InsertEventPO,PROCESS_OBJECT,0b52NcM3pSmhFPNWsJxVYB
/Explore/customer's/Deloitte,RunJMSGCPXml,PROCESS,9aHx5KznX2cbV9Q5euUGmu
/Explore/customer's/Deloitte,eventMetadata,PROCESS_OBJECT,irIph3ua0qmbMoy4vkcvmb
/Explore/customer's/Deloitte,GCPJMSDQueue,PROCESS,16sxfaKv0xtiXYfzVdlOSm
/Explore/customer's/Deloitte,GCPJMSEnqueue,PROCESS,hHN2fHy4aqKjjl1B5PVBij
/Explore,customer's,Project,7Qh1VVpUNKgcPR51xixGIN
/Explore/customer's/Deloitte,siperianEventPO,PROCESS_OBJECT,aVDXm9m7SIFbj5kI6i3vCW
/Explore/customer's/Deloitte,GCPPO,PROCESS_OBJECT,bf9vEo4IvkMlG7exm4L9A6