{
  "name" : "job-1563180893330",
  "sourceOrgId" : "1RTLiGGOD2MlpEDGD0bTYj",
  "sourceOrgName" : "Informatica Business Solutions PVT Ltd",
  "exportedObjects" : [ {
    "objectGuid" : "9Nm88Jjlo4QjDjaK6C1q2u",
    "objectName" : "Deloitte",
    "objectType" : "Folder",
    "path" : "/Explore/customer's",
    "metadata" : {
      "modelVersion" : {
        "major" : 0,
        "minor" : 0
      },
      "repoInfo" : null,
      "objectRefs" : [ ],
      "contextAttributes" : [ ],
      "additionalInfo" : {
        "description" : "",
        "contentType" : "Binary",
        "documentState" : "COMPLETE"
      }
    }
  }, {
    "objectGuid" : "0b52NcM3pSmhFPNWsJxVYB",
    "objectName" : "InsertEventPO",
    "objectType" : "PROCESS_OBJECT",
    "path" : "/Explore/customer's/Deloitte",
    "metadata" : {
      "modelVersion" : {
        "major" : 1,
        "minor" : 0
      },
      "repoInfo" : {
        "repoHandle" : "yf2B7O2htghGZ5i-gt-889619-2019-03-04T05:50:05.388Z::po.xml"
      },
      "objectRefs" : [ ],
      "contextAttributes" : null,
      "additionalInfo" : {
        "description" : "",
        "contentType" : "application/json; charset=utf-8",
        "documentState" : "VALID"
      }
    }
  }, {
    "objectGuid" : "9aHx5KznX2cbV9Q5euUGmu",
    "objectName" : "RunJMSGCPXml",
    "objectType" : "PROCESS",
    "path" : "/Explore/customer's/Deloitte",
    "metadata" : {
      "modelVersion" : {
        "major" : 1,
        "minor" : 0
      },
      "repoInfo" : {
        "repoHandle" : "FDlyjllCYAOTMne-gt-2838387-2019-03-04T05:50:06.514Z::pd.xml"
      },
      "objectRefs" : [ "hHN2fHy4aqKjjl1B5PVBij" ],
      "contextAttributes" : null,
      "additionalInfo" : {
        "description" : "",
        "contentType" : "application/json; charset=utf-8",
        "documentState" : "VALID"
      }
    }
  }, {
    "objectGuid" : "irIph3ua0qmbMoy4vkcvmb",
    "objectName" : "eventMetadata",
    "objectType" : "PROCESS_OBJECT",
    "path" : "/Explore/customer's/Deloitte",
    "metadata" : {
      "modelVersion" : {
        "major" : 1,
        "minor" : 0
      },
      "repoInfo" : {
        "repoHandle" : "udtIS7T1cnFKi9z-gt-889603-2019-03-04T05:50:05.332Z::po.xml"
      },
      "objectRefs" : [ ],
      "contextAttributes" : null,
      "additionalInfo" : {
        "description" : "",
        "contentType" : "application/json; charset=utf-8",
        "documentState" : "VALID"
      }
    }
  }, {
    "objectGuid" : "16sxfaKv0xtiXYfzVdlOSm",
    "objectName" : "GCPJMSDQueue",
    "objectType" : "PROCESS",
    "path" : "/Explore/customer's/Deloitte",
    "metadata" : {
      "modelVersion" : {
        "major" : 1,
        "minor" : 0
      },
      "repoInfo" : {
        "repoHandle" : "LFKi9zhFtybduaa-gt-3512658-2019-03-04T05:50:06.12Z::pd.xml"
      },
      "objectRefs" : [ "aVDXm9m7SIFbj5kI6i3vCW" ],
      "contextAttributes" : null,
      "additionalInfo" : {
        "description" : "",
        "contentType" : "application/json; charset=utf-8",
        "documentState" : "VALID"
      }
    }
  }, {
    "objectGuid" : "hHN2fHy4aqKjjl1B5PVBij",
    "objectName" : "GCPJMSEnqueue",
    "objectType" : "PROCESS",
    "path" : "/Explore/customer's/Deloitte",
    "metadata" : {
      "modelVersion" : {
        "major" : 1,
        "minor" : 0
      },
      "repoInfo" : {
        "repoHandle" : "LbeHYOuVGTiPZx1-gt-3512648-2019-03-04T05:50:06.08Z::pd.xml"
      },
      "objectRefs" : [ "aVDXm9m7SIFbj5kI6i3vCW" ],
      "contextAttributes" : null,
      "additionalInfo" : {
        "description" : "",
        "contentType" : "application/json; charset=utf-8",
        "documentState" : "VALID"
      }
    }
  }, {
    "objectGuid" : "7Qh1VVpUNKgcPR51xixGIN",
    "objectName" : "customer's",
    "objectType" : "Project",
    "path" : "/Explore",
    "metadata" : {
      "modelVersion" : {
        "major" : 0,
        "minor" : 0
      },
      "repoInfo" : null,
      "objectRefs" : [ ],
      "contextAttributes" : [ ],
      "additionalInfo" : {
        "description" : "",
        "contentType" : "Binary",
        "documentState" : "COMPLETE"
      }
    }
  }, {
    "objectGuid" : "aVDXm9m7SIFbj5kI6i3vCW",
    "objectName" : "siperianEventPO",
    "objectType" : "PROCESS_OBJECT",
    "path" : "/Explore/customer's/Deloitte",
    "metadata" : {
      "modelVersion" : {
        "major" : 1,
        "minor" : 0
      },
      "repoInfo" : {
        "repoHandle" : "w6xqPVEQrXhNUdy-gt-889611-2019-03-04T05:50:05.359Z::po.xml"
      },
      "objectRefs" : [ ],
      "contextAttributes" : null,
      "additionalInfo" : {
        "description" : "",
        "contentType" : "application/json; charset=utf-8",
        "documentState" : "VALID"
      }
    }
  }, {
    "objectGuid" : "bf9vEo4IvkMlG7exm4L9A6",
    "objectName" : "GCPPO",
    "objectType" : "PROCESS_OBJECT",
    "path" : "/Explore/customer's/Deloitte",
    "metadata" : {
      "modelVersion" : {
        "major" : 1,
        "minor" : 0
      },
      "repoInfo" : {
        "repoHandle" : "tyHfSTu0kMVX3cj-gt-889595-2019-03-04T05:50:05.306Z::po.xml"
      },
      "objectRefs" : [ ],
      "contextAttributes" : null,
      "additionalInfo" : {
        "description" : "",
        "contentType" : "application/json; charset=utf-8",
        "documentState" : "VALID"
      }
    }
  } ]
}