<aetgt:getResponse xmlns:aetgt="http://schemas.active-endpoints.com/appmodules/repository/2010/10/avrepository.xsd"
                   xmlns:types1="http://schemas.active-endpoints.com/appmodules/repository/2010/10/avrepository.xsd">
   <types1:Item>
      <types1:EntryId>udtIS7T1cnFKi9z-gt-889603-2019-03-04T05:50:05.332Z::po.xml</types1:EntryId>
      <types1:Name>eventMetadata</types1:Name>
      <types1:MimeType>application/xml+processobject</types1:MimeType>
      <types1:Description/>
      <types1:AppliesTo/>
      <types1:Tags/>
      <types1:VersionLabel>1.0</types1:VersionLabel>
      <types1:State>CURRENT</types1:State>
      <types1:ProcessGroup/>
      <types1:CreatedBy>vnrnbm@informatica.com</types1:CreatedBy>
      <types1:CreationDate>2019-03-04T05:50:05Z</types1:CreationDate>
      <types1:ModifiedBy/>
      <types1:PublicationStatus>unpublished</types1:PublicationStatus>
      <types1:AutosaveExists>false</types1:AutosaveExists>
      <types1:Entry>
         <processObject xmlns="http://schemas.active-endpoints.com/appmodules/screenflow/2011/06/avosHostEnvironment.xsd"
                        displayName="eventMetadata"
                        isByCopy="true"
                        name="eventMetadata">
            <description/>
            <tags/>
            <detail>
               <field label="eventType" name="eventType" type="string"/>
               <field label="baseObjectUid" name="baseObjectUid" type="string"/>
               <field label="packageUid" name="packageUid" type="string"/>
               <field label="orsId" name="orsId" type="string"/>
               <field label="triggerUid" name="triggerUid" type="string"/>
               <field label="messageId" name="messageId" type="string"/>
               <field label="messageDate" name="messageDate" type="datetime"/>
            </detail>
         </processObject>
      </types1:Entry>
      <types1:GUID>irIph3ua0qmbMoy4vkcvmb</types1:GUID>
      <types1:DisplayName>eventMetadata</types1:DisplayName>
   </types1:Item>
   <types1:CurrentServerDateTime>2019-07-15T08:54:55.034Z</types1:CurrentServerDateTime>
</aetgt:getResponse>
