<aetgt:getResponse xmlns:aetgt="http://schemas.active-endpoints.com/appmodules/repository/2010/10/avrepository.xsd"
                   xmlns:types1="http://schemas.active-endpoints.com/appmodules/repository/2010/10/avrepository.xsd">
   <types1:Item>
      <types1:EntryId>LbeHYOuVGTiPZx1-gt-3512648-2019-03-04T05:50:06.08Z::pd.xml</types1:EntryId>
      <types1:Name>GCPJMSEnqueue</types1:Name>
      <types1:ParentFlowIds>FDlyjllCYAOTMne-gt-2838387-2019-03-04T05:50:06.514Z::pd.xml</types1:ParentFlowIds>
      <types1:MimeType>application/xml+process</types1:MimeType>
      <types1:Description/>
      <types1:AppliesTo/>
      <types1:Tags>.agent:pocwgcpics01,.anonymous</types1:Tags>
      <types1:VersionLabel>1.0</types1:VersionLabel>
      <types1:State>CURRENT</types1:State>
      <types1:ProcessGroup/>
      <types1:CreatedBy>vnrnbm@informatica.com</types1:CreatedBy>
      <types1:CreationDate>2019-03-04T05:50:06Z</types1:CreationDate>
      <types1:ModifiedBy/>
      <types1:PublicationStatus>unpublished</types1:PublicationStatus>
      <types1:AutosaveExists>false</types1:AutosaveExists>
      <types1:Entry>
         <process xmlns="http://schemas.active-endpoints.com/appmodules/screenflow/2010/10/avosScreenflow.xsd"
                  xmlns:list="urn:activevos:spi:list:functions"
                  displayName="GCPJMSEnqueue"
                  name="GCPJMSEnqueue">
            <appliesTo/>
            <description/>
            <tags>.agent:pocwgcpics01,.anonymous</tags>
            <generator>Informatica Process Designer 10</generator>
            <tempFields>
               <field description="" name="siperianEventTmp" type="reference">
                  <options>
                     <option name="referenceTo">$po:siperianEventPO</option>
                     <option name="required">false</option>
                     <option name="isCopy">true</option>
                     <option name="guid">aVDXm9m7SIFbj5kI6i3vCW</option>
                  </options>
               </field>
            </tempFields>
            <notes/>
            <deployment suspendOnFault="false" tracingLevel="none">
               <targetLocation>pocwgcpics01</targetLocation>
               <rest>
                  <allowAnonymousAccess/>
               </rest>
            </deployment>
            <flow id="a">
               <start id="b">
                  <link id="jsptnwhh" targetId="jsptnwhg"/>
               </start>
               <assignment id="jsptnwhg">
                  <title>Assignment to fullNm</title>
                  <operation source="constant"
                             to="temp.siperianEventTmp[1]/InsertEvent[1]/partyPkgDisp[1]/fullNm">{$fullNm}</operation>
                  <link id="jsptnwhw" targetId="jsptnwhv"/>
               </assignment>
               <service id="jsptnwhv">
                  <title>JMS Enqueue Service</title>
                  <serviceName>jmsEnqueueService</serviceName>
                  <serviceGUID/>
                  <serviceInput>
                     <parameter name="momManager" source="constant">JMSMgr1</parameter>
                     <parameter name="destination" source="constant">queue/icrtQ</parameter>
                     <parameter name="message" source="field" updatable="true">temp.siperianEventTmp</parameter>
                     <parameter name="format" source="constant">XML</parameter>
                     <parameter name="wholePayload" source="constant">true</parameter>
                  </serviceInput>
                  <link id="jsptnwhx" targetId="c"/>
               </service>
               <end id="c"/>
            </flow>
         </process>
      </types1:Entry>
      <types1:GUID>hHN2fHy4aqKjjl1B5PVBij</types1:GUID>
      <types1:DisplayName>GCPJMSEnqueue</types1:DisplayName>
   </types1:Item>
   <types1:CurrentServerDateTime>2019-07-15T08:54:55.22Z</types1:CurrentServerDateTime>
</aetgt:getResponse>
