<aetgt:getResponse xmlns:aetgt="http://schemas.active-endpoints.com/appmodules/repository/2010/10/avrepository.xsd"
                   xmlns:types1="http://schemas.active-endpoints.com/appmodules/repository/2010/10/avrepository.xsd">
   <types1:Item>
      <types1:EntryId>LFKi9zhFtybduaa-gt-3512658-2019-03-04T05:50:06.12Z::pd.xml</types1:EntryId>
      <types1:Name>GCPJMSDQueue</types1:Name>
      <types1:MimeType>application/xml+process</types1:MimeType>
      <types1:Description/>
      <types1:AppliesTo/>
      <types1:Tags>.agent:pocwgcpics01,.anonymous</types1:Tags>
      <types1:VersionLabel>1.0</types1:VersionLabel>
      <types1:State>CURRENT</types1:State>
      <types1:ProcessGroup/>
      <types1:CreatedBy>vnrnbm@informatica.com</types1:CreatedBy>
      <types1:CreationDate>2019-03-04T05:50:06Z</types1:CreationDate>
      <types1:ModifiedBy/>
      <types1:PublicationStatus>unpublished</types1:PublicationStatus>
      <types1:AutosaveExists>false</types1:AutosaveExists>
      <types1:Entry>
         <process xmlns="http://schemas.active-endpoints.com/appmodules/screenflow/2010/10/avosScreenflow.xsd"
                  xmlns:list="urn:activevos:spi:list:functions"
                  displayName="GCPJMSDQueue"
                  name="GCPJMSDQueue">
            <appliesTo/>
            <description/>
            <tags>.agent:pocwgcpics01,.anonymous</tags>
            <generator>Informatica Process Designer 10</generator>
            <input>
               <parameter description="" name="in" type="reference">
                  <options>
                     <option name="referenceTo">$po:siperianEventPO</option>
                     <option name="required">false</option>
                     <option name="isCopy">true</option>
                     <option name="guid">aVDXm9m7SIFbj5kI6i3vCW</option>
                  </options>
               </parameter>
            </input>
            <output>
               <field description="" name="out" type="reference">
                  <options>
                     <option name="referenceTo">$po:siperianEventPO</option>
                     <option name="required">false</option>
                     <option name="isCopy">true</option>
                     <option name="guid">aVDXm9m7SIFbj5kI6i3vCW</option>
                  </options>
               </field>
            </output>
            <notes/>
            <deployment suspendOnFault="true" tracingLevel="verbose">
               <targetLocation>pocwgcpics01</targetLocation>
               <rest>
                  <allowAnonymousAccess/>
                  <wholePayload inputWholePayload="true"/>
               </rest>
            </deployment>
            <flow id="a">
               <start id="b">
                  <link id="jspt37hg" targetId="jspt37hf"/>
               </start>
               <assignment id="jspt37hf">
                  <title>Assignment to out</title>
                  <operation source="formula" to="output.out">
                     <expression language="XQuery">&lt;GCPPO&gt;
   &lt;fullNm&gt;$input.in[1]/InsertEvent[1]/partyPkgDisp[1]/fullNm &lt;/fullNm&gt;
   &lt;draftInd&gt;&lt;/draftInd&gt;
   &lt;prtyTyp&gt;&lt;/prtyTyp&gt;
&lt;/GCPPO&gt;
</expression>
                  </operation>
                  <link id="jspt37hh" targetId="c"/>
               </assignment>
               <end id="c"/>
            </flow>
         </process>
      </types1:Entry>
      <types1:GUID>16sxfaKv0xtiXYfzVdlOSm</types1:GUID>
      <types1:DisplayName>GCPJMSDQueue</types1:DisplayName>
   </types1:Item>
   <types1:CurrentServerDateTime>2019-07-15T08:54:55.196Z</types1:CurrentServerDateTime>
</aetgt:getResponse>
