<aetgt:getResponse xmlns:aetgt="http://schemas.active-endpoints.com/appmodules/repository/2010/10/avrepository.xsd"
                   xmlns:types1="http://schemas.active-endpoints.com/appmodules/repository/2010/10/avrepository.xsd">
   <types1:Item>
      <types1:EntryId>tyHfSTu0kMVX3cj-gt-889595-2019-03-04T05:50:05.306Z::po.xml</types1:EntryId>
      <types1:Name>GCPPO</types1:Name>
      <types1:MimeType>application/xml+processobject</types1:MimeType>
      <types1:Description/>
      <types1:AppliesTo/>
      <types1:Tags/>
      <types1:VersionLabel>1.0</types1:VersionLabel>
      <types1:State>CURRENT</types1:State>
      <types1:ProcessGroup/>
      <types1:CreatedBy>vnrnbm@informatica.com</types1:CreatedBy>
      <types1:CreationDate>2019-03-04T05:50:05Z</types1:CreationDate>
      <types1:ModifiedBy/>
      <types1:PublicationStatus>unpublished</types1:PublicationStatus>
      <types1:AutosaveExists>false</types1:AutosaveExists>
      <types1:Entry>
         <processObject xmlns="http://schemas.active-endpoints.com/appmodules/screenflow/2011/06/avosHostEnvironment.xsd"
                        displayName="GCPPO"
                        isByCopy="true"
                        name="GCPPO">
            <description/>
            <tags/>
            <detail>
               <field label="fullNm" name="fullNm" type="string"/>
               <field label="draftInd" name="draftInd" type="string"/>
               <field label="prtyTyp" name="prtyTyp" type="string"/>
            </detail>
         </processObject>
      </types1:Entry>
      <types1:GUID>bf9vEo4IvkMlG7exm4L9A6</types1:GUID>
      <types1:DisplayName>GCPPO</types1:DisplayName>
   </types1:Item>
   <types1:CurrentServerDateTime>2019-07-15T08:54:55.043Z</types1:CurrentServerDateTime>
</aetgt:getResponse>
