<aetgt:getResponse xmlns:aetgt="http://schemas.active-endpoints.com/appmodules/repository/2010/10/avrepository.xsd"
                   xmlns:types1="http://schemas.active-endpoints.com/appmodules/repository/2010/10/avrepository.xsd">
   <types1:Item>
      <types1:EntryId>yf2B7O2htghGZ5i-gt-889619-2019-03-04T05:50:05.388Z::po.xml</types1:EntryId>
      <types1:Name>InsertEventPO</types1:Name>
      <types1:MimeType>application/xml+processobject</types1:MimeType>
      <types1:Description/>
      <types1:AppliesTo/>
      <types1:Tags/>
      <types1:VersionLabel>1.0</types1:VersionLabel>
      <types1:State>CURRENT</types1:State>
      <types1:ProcessGroup/>
      <types1:CreatedBy>vnrnbm@informatica.com</types1:CreatedBy>
      <types1:CreationDate>2019-03-04T05:50:05Z</types1:CreationDate>
      <types1:ModifiedBy/>
      <types1:PublicationStatus>unpublished</types1:PublicationStatus>
      <types1:AutosaveExists>false</types1:AutosaveExists>
      <types1:Entry>
         <processObject xmlns="http://schemas.active-endpoints.com/appmodules/screenflow/2011/06/avosHostEnvironment.xsd"
                        displayName="InsertEventPO"
                        isByCopy="true"
                        name="InsertEventPO">
            <description/>
            <tags/>
            <detail>
               <field label="sourceKey" name="sourceKey" type="string"/>
               <field label="rowid" name="rowid" type="string"/>
               <field label="partyPkgDisp" name="partyPkgDisp" type="reference">
                  <options>
                     <option name="referenceTo">$po:GCPPO</option>
                     <option name="guid">iWjBCewIgqebgnYPwd2Koi</option>
                     <option name="relationshipName">Child</option>
                  </options>
               </field>
               <field label="sourceSystemName" name="sourceSystemName" type="string"/>
               <field label="eventDate" name="eventDate" type="datetime"/>
            </detail>
         </processObject>
      </types1:Entry>
      <types1:GUID>0b52NcM3pSmhFPNWsJxVYB</types1:GUID>
      <types1:DisplayName>InsertEventPO</types1:DisplayName>
   </types1:Item>
   <types1:CurrentServerDateTime>2019-07-15T08:54:55.051Z</types1:CurrentServerDateTime>
</aetgt:getResponse>
