<aetgt:getResponse xmlns:aetgt="http://schemas.active-endpoints.com/appmodules/repository/2010/10/avrepository.xsd"
                   xmlns:types1="http://schemas.active-endpoints.com/appmodules/repository/2010/10/avrepository.xsd">
   <types1:Item>
      <types1:EntryId>FDlyjllCYAOTMne-gt-2838387-2019-03-04T05:50:06.514Z::pd.xml</types1:EntryId>
      <types1:Name>RunJMSGCPXml</types1:Name>
      <types1:MimeType>application/xml+process</types1:MimeType>
      <types1:Description/>
      <types1:AppliesTo/>
      <types1:Tags>.anonymous</types1:Tags>
      <types1:VersionLabel>1.0</types1:VersionLabel>
      <types1:State>CURRENT</types1:State>
      <types1:ProcessGroup/>
      <types1:CreatedBy>vnrnbm@informatica.com</types1:CreatedBy>
      <types1:CreationDate>2019-03-04T05:50:07Z</types1:CreationDate>
      <types1:ModifiedBy/>
      <types1:PublicationStatus>unpublished</types1:PublicationStatus>
      <types1:AutosaveExists>false</types1:AutosaveExists>
      <types1:Entry>
         <process xmlns="http://schemas.active-endpoints.com/appmodules/screenflow/2010/10/avosScreenflow.xsd"
                  xmlns:list="urn:activevos:spi:list:functions"
                  displayName="RunJMSGCPXml"
                  name="RunJMSGCPXml">
            <appliesTo/>
            <description/>
            <tags>.anonymous</tags>
            <generator>Informatica Process Designer 10</generator>
            <notes/>
            <deployment suspendOnFault="false" tracingLevel="none">
               <rest>
                  <allowAnonymousAccess/>
               </rest>
            </deployment>
            <flow id="a">
               <start id="b">
                  <link id="jspuf0zt" targetId="jspuf0zs"/>
               </start>
               <subflow id="jspuf0zs">
                  <title>GCPJMSEnqueue</title>
                  <subflowGUID>hHN2fHy4aqKjjl1B5PVBij</subflowGUID>
                  <subflowPath>GCPJMSEnqueue</subflowPath>
                  <runForEach>false</runForEach>
                  <input/>
                  <outputDef/>
                  <link id="jspuf0zu" targetId="c"/>
               </subflow>
               <end id="c"/>
            </flow>
         </process>
      </types1:Entry>
      <types1:GUID>9aHx5KznX2cbV9Q5euUGmu</types1:GUID>
      <types1:DisplayName>RunJMSGCPXml</types1:DisplayName>
   </types1:Item>
   <types1:CurrentServerDateTime>2019-07-15T08:54:55.362Z</types1:CurrentServerDateTime>
</aetgt:getResponse>
