<aetgt:getResponse xmlns:aetgt="http://schemas.active-endpoints.com/appmodules/repository/2010/10/avrepository.xsd"
                   xmlns:types1="http://schemas.active-endpoints.com/appmodules/repository/2010/10/avrepository.xsd">
   <types1:Item>
      <types1:EntryId>w6xqPVEQrXhNUdy-gt-889611-2019-03-04T05:50:05.359Z::po.xml</types1:EntryId>
      <types1:Name>siperianEventPO</types1:Name>
      <types1:ParentFlowIds>LFKi9zhFtybduaa-gt-3512658-2019-03-04T05:50:06.12Z::pd.xml,LbeHYOuVGTiPZx1-gt-3512648-2019-03-04T05:50:06.08Z::pd.xml</types1:ParentFlowIds>
      <types1:MimeType>application/xml+processobject</types1:MimeType>
      <types1:Description/>
      <types1:AppliesTo/>
      <types1:Tags/>
      <types1:VersionLabel>1.0</types1:VersionLabel>
      <types1:State>CURRENT</types1:State>
      <types1:ProcessGroup/>
      <types1:CreatedBy>vnrnbm@informatica.com</types1:CreatedBy>
      <types1:CreationDate>2019-03-04T05:50:05Z</types1:CreationDate>
      <types1:ModifiedBy/>
      <types1:PublicationStatus>unpublished</types1:PublicationStatus>
      <types1:AutosaveExists>false</types1:AutosaveExists>
      <types1:Entry>
         <processObject xmlns="http://schemas.active-endpoints.com/appmodules/screenflow/2011/06/avosHostEnvironment.xsd"
                        displayName="siperianEventPO"
                        isByCopy="true"
                        name="siperianEventPO">
            <description/>
            <tags/>
            <detail>
               <field label="eventMetadata" name="eventMetadata" type="reference">
                  <options>
                     <option name="referenceTo">$po:eventMetadata</option>
                     <option name="guid">jxxjSFkWDUibNLr7huuPKo</option>
                     <option name="relationshipName">Child</option>
                  </options>
               </field>
               <field label="InsertEvent" name="InsertEvent" type="reference">
                  <options>
                     <option name="referenceTo">$po:InsertEventPO</option>
                     <option name="guid">5AsaMD5THQadC0Uyc1tUGz</option>
                     <option name="relationshipName">Child</option>
                  </options>
               </field>
            </detail>
         </processObject>
      </types1:Entry>
      <types1:GUID>aVDXm9m7SIFbj5kI6i3vCW</types1:GUID>
      <types1:DisplayName>siperianEventPO</types1:DisplayName>
   </types1:Item>
   <types1:CurrentServerDateTime>2019-07-15T08:54:55.078Z</types1:CurrentServerDateTime>
</aetgt:getResponse>
