{
  "name" : "job-1563180959426",
  "sourceOrgId" : "1RTLiGGOD2MlpEDGD0bTYj",
  "sourceOrgName" : "Informatica Business Solutions PVT Ltd",
  "exportedObjects" : [ {
    "objectGuid" : "1K4Cc3KiH03hZGQmf8gkyH",
    "objectName" : "IT_EAI",
    "objectType" : "Project",
    "path" : "/Explore",
    "metadata" : {
      "modelVersion" : {
        "major" : 0,
        "minor" : 0
      },
      "repoInfo" : null,
      "objectRefs" : [ ],
      "contextAttributes" : [ ],
      "additionalInfo" : {
        "description" : "Integrations for the IT Buss Apps Team",
        "contentType" : "Binary",
        "documentState" : "COMPLETE"
      }
    }
  }, {
    "objectGuid" : "6flXejilixxiUNfFpMH1Gi",
    "objectName" : "EAI_m_SFDC_To_WD_Opportunity_Lines_File_Java_1",
    "objectType" : "DTEMPLATE",
    "path" : "/Explore/IT_EAI",
    "metadata" : {
      "modelVersion" : {
        "major" : 0,
        "minor" : 0
      },
      "repoInfo" : {
        "repoHandle" : "001TYV170000000000JK"
      },
      "objectRefs" : [ "07qLGinIs5xctBfLhTuhyI", "3Cb4vTLZiuYc1GD28htpeJ" ],
      "contextAttributes" : [ {
        "name" : "id",
        "value" : "@1"
      } ],
      "additionalInfo" : {
        "description" : "Sync with Workday, all Won Salesforce opportunities ready for Workday Integration (WD Sync Status = Sync) ",
        "contentType" : "JSON",
        "documentState" : "VALID"
      }
    }
  }, {
    "objectGuid" : "07qLGinIs5xctBfLhTuhyI",
    "objectName" : "Opt_OptLines",
    "objectType" : "Connection",
    "path" : "/SYS",
    "metadata" : {
      "modelVersion" : {
        "major" : 0,
        "minor" : 0
      },
      "repoInfo" : {
        "repoHandle" : "001TYV0B0000000000E5"
      },
      "objectRefs" : [ "abd7iz3f1buiDPjU4K2OO5" ],
      "contextAttributes" : [ {
        "name" : "id",
        "value" : "@1"
      } ],
      "additionalInfo" : {
        "description" : null,
        "contentType" : "JSON",
        "documentState" : "COMPLETE"
      }
    }
  }, {
    "objectGuid" : "abd7iz3f1buiDPjU4K2OO5",
    "objectName" : "LO_Agent",
    "objectType" : "AgentGroup",
    "path" : "/SYS",
    "metadata" : {
      "modelVersion" : {
        "major" : 0,
        "minor" : 0
      },
      "repoInfo" : {
        "repoHandle" : "001TYV25000000000015"
      },
      "objectRefs" : [ ],
      "contextAttributes" : [ {
        "name" : "id",
        "value" : "@1"
      } ],
      "additionalInfo" : {
        "description" : null,
        "contentType" : "JSON",
        "documentState" : "VALID"
      }
    }
  }, {
    "objectGuid" : "3Cb4vTLZiuYc1GD28htpeJ",
    "objectName" : "EAI_SFDC_Connector",
    "objectType" : "Connection",
    "path" : "/SYS",
    "metadata" : {
      "modelVersion" : {
        "major" : 0,
        "minor" : 0
      },
      "repoInfo" : {
        "repoHandle" : "001TYV0B0000000000E6"
      },
      "objectRefs" : [ "abd7iz3f1buiDPjU4K2OO5" ],
      "contextAttributes" : [ {
        "name" : "id",
        "value" : "@1"
      } ],
      "additionalInfo" : {
        "description" : null,
        "contentType" : "JSON",
        "documentState" : "COMPLETE"
      }
    }
  } ]
}