<aetgt:getResponse xmlns:aetgt="http://schemas.active-endpoints.com/appmodules/repository/2010/10/avrepository.xsd"
                   xmlns:types1="http://schemas.active-endpoints.com/appmodules/repository/2010/10/avrepository.xsd">
   <types1:Item>
      <types1:EntryId>HIk3aaa-gt-1843877-2019-04-08T04:48:01.534Z::conn.xml</types1:EntryId>
      <types1:Name>Salesforce-1</types1:Name>
      <types1:ParentFlowIds>GYA1vyoY2G7QnG5-gt-1608217-2019-04-08T04:48:02.527Z::pd.xml,O3M4WwOC2XZPnE2-gt-24434159-2019-05-03T08:24:41.647Z::pd.xml</types1:ParentFlowIds>
      <types1:MimeType>application/xml+connection</types1:MimeType>
      <types1:Description>Connection to UAT sandbox</types1:Description>
      <types1:AppliesTo/>
      <types1:Tags/>
      <types1:VersionLabel>1.0</types1:VersionLabel>
      <types1:State>CURRENT</types1:State>
      <types1:ProcessGroup/>
      <types1:CreatedBy>vnrnbm@informatica.com</types1:CreatedBy>
      <types1:CreationDate>2019-04-08T04:48:02Z</types1:CreationDate>
      <types1:ModifiedBy>vnrnbm@informatica.com</types1:ModifiedBy>
      <types1:ModificationDate>2019-05-24T11:17:19Z</types1:ModificationDate>
      <types1:PublicationStatus>published</types1:PublicationStatus>
      <types1:PublishedBy>vnrnbm@informatica.com</types1:PublishedBy>
      <types1:PublicationDate>2019-05-24T11:18:52Z</types1:PublicationDate>
      <types1:PublishedContributionId>project:/rt.connection/Salesforce-1/Salesforce-1.conn.xml</types1:PublishedContributionId>
      <types1:AutosaveExists>false</types1:AutosaveExists>
      <types1:Entry>
         <connection xmlns="http://schemas.informatica.com/socrates/data-services/2014/04/avosConnections.xsd"
                     displayName="Salesforce"
                     label="Salesforce-1"
                     name="Salesforce-1">
            <description>Connection to UAT sandbox</description>
            <tags/>
            <agent/>
            <attributes/>
            <soaConnector xmlns="http://schemas.informatica.com/appmodules/screenflow/2014/04/avosConnectors.xsd"
                          connectorPath="project:/com.activevos.cumulus.cloud.extend.playbook.configuration/config/sfConnector.xml"
                          name="Salesforce"
                          supportsConnectionTest="true"
                          supportsOData="true"
                          uuid="05fc48f1-e6e1-441b-b700-bac396ca2ed1">
               <description>Salesforce.com SOA based data connector.</description>
            </soaConnector>
            <authentication type="$infa_basicform">
               <attributes>
                  <attribute encrypted="false" name="username" value="ea@infa.com"/>
                  <attribute encrypted="true" name="password" value=""/>
                  <attribute encrypted="true" name="token" value=""/>
                  <attribute encrypted="false"
                             name="serviceUrl"
                             value="https://login.salesforce.com/services/Soap/c/40.0"/>
               </attributes>
            </authentication>
         </connection>
      </types1:Entry>
      <types1:GUID>9u9I8SIm65nkP3SaSB9WSb</types1:GUID>
      <types1:DisplayName>Salesforce</types1:DisplayName>
   </types1:Item>
   <types1:CurrentServerDateTime>2019-07-15T08:51:02.865Z</types1:CurrentServerDateTime>
</aetgt:getResponse>
